School Code,School Name,Grade,# of English Language Arts (ELA) Test Takers,ELA - # Level 1,ELA - # Level 2,ELA - # Level 3,ELA - # Level 4,ELA - # Level 5,ELA # Proficient,ELA - % Level 1,ELA - % Level 2,ELA - % Level 3,ELA - % Level 4,ELA - % Level 5,ELA - % Proficient,# Math Test Takers,Math - # Level 1,Math - # Level 2,Math - # Level 3,Math - # Level 4,Math - # Level 5,Math - # Proficient,Math - % Level 1,Math - % Level 2,Math - % Level 3,Math - % Level 4,Math - % Level 5,Math - % Proficient
202,Aiton Elementary School,3,26,13,6,5,2,0,2,50.00%,23.10%,19.20%,7.70%,0.00%,7.70%,27,9,7,5,6,0,6,33.30%,25.90%,18.50%,22.20%,0.00%,22.20%
202,Aiton Elementary School,4,22,11,2,9,0,0,0,50.00%,9.10%,40.90%,0.00%,0.00%,0.00%,22,12,5,4,1,0,1,54.50%,22.70%,18.20%,4.50%,0.00%,4.50%
202,Aiton Elementary School,5,21,8,4,5,4,0,4,38.10%,19.00%,23.80%,19.00%,0.00%,19.00%,21,11,7,1,2,0,2,52.40%,33.30%,4.80%,9.50%,0.00%,9.50%
202,Aiton Elementary School,ALL,69,32,12,19,6,0,6,46.40%,17.40%,27.50%,8.70%,0.00%,8.70%,70,32,19,10,9,0,9,45.70%,27.10%,14.30%,12.90%,0.00%,12.90%
203,Amidon-Bowen Elementary School,3,41,13,6,9,11,2,13,31.70%,14.60%,22.00%,26.80%,4.90%,31.70%,41,11,10,10,3,7,10,26.80%,24.40%,24.40%,7.30%,17.10%,24.40%
203,Amidon-Bowen Elementary School,4,45,12,18,10,5,0,5,26.70%,40.00%,22.20%,11.10%,0.00%,11.10%,45,12,24,7,2,0,2,26.70%,53.30%,15.60%,4.40%,0.00%,4.40%
203,Amidon-Bowen Elementary School,5,37,14,8,10,5,0,5,37.80%,21.60%,27.00%,13.50%,0.00%,13.50%,37,18,14,2,3,0,3,48.60%,37.80%,5.40%,8.10%,0.00%,8.10%
203,Amidon-Bowen Elementary School,ALL,123,39,32,29,21,2,23,31.70%,26.00%,23.60%,17.10%,1.60%,18.70%,123,41,48,19,8,7,15,33.30%,39.00%,15.40%,6.50%,5.70%,12.20%
204,Bancroft Elementary School,3,93,22,15,9,40,7,47,23.70%,16.10%,9.70%,43.00%,7.50%,50.50%,93,17,23,14,32,7,39,18.30%,24.70%,15.10%,34.40%,7.50%,41.90%
204,Bancroft Elementary School,4,83,20,14,14,23,12,35,24.10%,16.90%,16.90%,27.70%,14.50%,42.20%,84,21,26,23,11,3,14,25.00%,31.00%,27.40%,13.10%,3.60%,16.70%
204,Bancroft Elementary School,5,74,14,11,13,25,11,36,18.90%,14.90%,17.60%,33.80%,14.90%,48.60%,74,15,25,17,15,2,17,20.30%,33.80%,23.00%,20.30%,2.70%,23.00%
204,Bancroft Elementary School,ALL,250,56,40,36,88,30,118,22.40%,16.00%,14.40%,35.20%,12.00%,47.20%,251,53,74,54,58,12,70,21.10%,29.50%,21.50%,23.10%,4.80%,27.90%
205,Barnard Elementary School,3,82,33,17,16,14,2,16,40.20%,20.70%,19.50%,17.10%,2.40%,19.50%,82,16,16,31,16,3,19,19.50%,19.50%,37.80%,19.50%,3.70%,23.20%
205,Barnard Elementary School,4,69,14,15,16,17,7,24,20.30%,21.70%,23.20%,24.60%,10.10%,34.80%,72,12,17,29,13,1,14,16.70%,23.60%,40.30%,18.10%,1.40%,19.40%
205,Barnard Elementary School,5,67,12,18,12,18,7,25,17.90%,26.90%,17.90%,26.90%,10.40%,37.30%,67,12,21,15,16,3,19,17.90%,31.30%,22.40%,23.90%,4.50%,28.40%
205,Barnard Elementary School,ALL,218,59,50,44,49,16,65,27.10%,22.90%,20.20%,22.50%,7.30%,29.80%,221,40,54,75,45,7,52,18.10%,24.40%,33.90%,20.40%,3.20%,23.50%
206,Beers Elementary School,3,40,22,9,4,5,0,5,55.00%,22.50%,10.00%,12.50%,0.00%,12.50%,40,18,10,9,3,0,3,45.00%,25.00%,22.50%,7.50%,0.00%,7.50%
206,Beers Elementary School,4,43,10,10,11,9,3,12,23.30%,23.30%,25.60%,20.90%,7.00%,27.90%,43,13,14,6,9,1,10,30.20%,32.60%,14.00%,20.90%,2.30%,23.30%
206,Beers Elementary School,5,49,12,13,9,15,0,15,24.50%,26.50%,18.40%,30.60%,0.00%,30.60%,49,14,15,12,8,0,8,28.60%,30.60%,24.50%,16.30%,0.00%,16.30%
206,Beers Elementary School,ALL,132,44,32,24,29,3,32,33.30%,24.20%,18.20%,22.00%,2.30%,24.20%,132,45,39,27,20,1,21,34.10%,29.50%,20.50%,15.20%,0.80%,15.90%
212,Brent Elementary School,3,58,5,6,12,32,3,35,8.60%,10.30%,20.70%,55.20%,5.20%,60.30%,58,2,7,8,24,17,41,3.40%,12.10%,13.80%,41.40%,29.30%,70.70%
212,Brent Elementary School,4,69,5,3,6,40,15,55,7.20%,4.30%,8.70%,58.00%,21.70%,79.70%,69,3,8,6,44,8,52,4.30%,11.60%,8.70%,63.80%,11.60%,75.40%
212,Brent Elementary School,5,30,1,4,11,12,2,14,3.30%,13.30%,36.70%,40.00%,6.70%,46.70%,30,5,7,6,12,0,12,16.70%,23.30%,20.00%,40.00%,0.00%,40.00%
212,Brent Elementary School,ALL,157,11,13,29,84,20,104,7.00%,8.30%,18.50%,53.50%,12.70%,66.20%,157,10,22,20,80,25,105,6.40%,14.00%,12.70%,51.00%,15.90%,66.90%
213,Brightwood Elementary School,3,56,21,16,10,9,0,9,37.50%,28.60%,17.90%,16.10%,0.00%,16.10%,58,15,15,18,9,1,10,25.90%,25.90%,31.00%,15.50%,1.70%,17.20%
213,Brightwood Elementary School,4,81,21,23,21,15,1,16,25.90%,28.40%,25.90%,18.50%,1.20%,19.80%,80,17,32,21,9,1,10,21.30%,40.00%,26.30%,11.30%,1.30%,12.50%
213,Brightwood Elementary School,5,83,25,18,26,14,0,14,30.10%,21.70%,31.30%,16.90%,0.00%,16.90%,83,24,31,21,7,0,7,28.90%,37.30%,25.30%,8.40%,0.00%,8.40%
213,Brightwood Elementary School,ALL,220,67,57,57,38,1,39,30.50%,25.90%,25.90%,17.30%,0.50%,17.70%,221,56,78,60,25,2,27,25.30%,35.30%,27.10%,11.30%,0.90%,12.20%
219,Bunker Hill Elementary School,3,22,10,7,1,4,0,4,45.50%,31.80%,4.50%,18.20%,0.00%,18.20%,22,9,6,5,2,0,2,40.90%,27.30%,22.70%,9.10%,0.00%,9.10%
219,Bunker Hill Elementary School,4,23,7,6,6,4,0,4,30.40%,26.10%,26.10%,17.40%,0.00%,17.40%,23,8,12,1,2,0,2,34.80%,52.20%,4.30%,8.70%,0.00%,8.70%
219,Bunker Hill Elementary School,5,16,4,5,7,0,0,0,25.00%,31.30%,43.80%,0.00%,0.00%,0.00%,16,7,9,0,0,0,0,43.80%,56.30%,0.00%,0.00%,0.00%,0.00%
219,Bunker Hill Elementary School,ALL,61,21,18,14,8,0,8,34.40%,29.50%,23.00%,13.10%,0.00%,13.10%,61,24,27,6,4,0,4,39.30%,44.30%,9.80%,6.60%,0.00%,6.60%
220,Burroughs Elementary School,3,26,3,5,6,11,1,12,11.50%,19.20%,23.10%,42.30%,3.80%,46.20%,27,5,9,7,5,1,6,18.50%,33.30%,25.90%,18.50%,3.70%,22.20%
220,Burroughs Elementary School,4,25,5,3,7,7,3,10,20.00%,12.00%,28.00%,28.00%,12.00%,40.00%,25,5,6,10,4,0,4,20.00%,24.00%,40.00%,16.00%,0.00%,16.00%
220,Burroughs Elementary School,5,27,2,2,14,8,1,9,7.40%,7.40%,51.90%,29.60%,3.70%,33.30%,27,4,8,9,5,1,6,14.80%,29.60%,33.30%,18.50%,3.70%,22.20%
220,Burroughs Elementary School,ALL,78,10,10,27,26,5,31,12.80%,12.80%,34.60%,33.30%,6.40%,39.70%,79,14,23,26,14,2,16,17.70%,29.10%,32.90%,17.70%,2.50%,20.30%
221,Burrville Elementary School,3,26,14,2,6,4,0,4,53.80%,7.70%,23.10%,15.40%,0.00%,15.40%,26,10,8,7,1,0,1,38.50%,30.80%,26.90%,3.80%,0.00%,3.80%
221,Burrville Elementary School,4,32,13,7,4,7,1,8,40.60%,21.90%,12.50%,21.90%,3.10%,25.00%,32,14,8,7,3,0,3,43.80%,25.00%,21.90%,9.40%,0.00%,9.40%
221,Burrville Elementary School,5,33,5,5,10,12,1,13,15.20%,15.20%,30.30%,36.40%,3.00%,39.40%,33,8,9,9,7,0,7,24.20%,27.30%,27.30%,21.20%,0.00%,21.20%
221,Burrville Elementary School,ALL,91,32,14,20,23,2,25,35.20%,15.40%,22.00%,25.30%,2.20%,27.50%,91,32,25,23,11,0,11,35.20%,27.50%,25.30%,12.10%,0.00%,12.10%
224,Cleveland Elementary School,3,34,12,7,7,8,0,8,35.30%,20.60%,20.60%,23.50%,0.00%,23.50%,34,11,4,10,8,1,9,32.40%,11.80%,29.40%,23.50%,2.90%,26.50%
224,Cleveland Elementary School,4,31,5,8,8,7,3,10,16.10%,25.80%,25.80%,22.60%,9.70%,32.30%,31,11,8,5,7,0,7,35.50%,25.80%,16.10%,22.60%,0.00%,22.60%
224,Cleveland Elementary School,5,28,4,9,7,8,0,8,14.30%,32.10%,25.00%,28.60%,0.00%,28.60%,28,3,8,14,2,1,3,10.70%,28.60%,50.00%,7.10%,3.60%,10.70%
224,Cleveland Elementary School,ALL,93,21,24,22,23,3,26,22.60%,25.80%,23.70%,24.70%,3.20%,28.00%,93,25,20,29,17,2,19,26.90%,21.50%,31.20%,18.30%,2.20%,20.40%
227,H.D. Cooke Elementary School,3,49,22,13,9,4,1,5,44.90%,26.50%,18.40%,8.20%,2.00%,10.20%,50,20,13,11,6,0,6,40.00%,26.00%,22.00%,12.00%,0.00%,12.00%
227,H.D. Cooke Elementary School,4,52,25,16,7,4,0,4,48.10%,30.80%,13.50%,7.70%,0.00%,7.70%,52,23,21,5,2,1,3,44.20%,40.40%,9.60%,3.80%,1.90%,5.80%
227,H.D. Cooke Elementary School,5,46,13,17,6,9,1,10,28.30%,37.00%,13.00%,19.60%,2.20%,21.70%,47,20,16,8,3,0,3,42.60%,34.00%,17.00%,6.40%,0.00%,6.40%
227,H.D. Cooke Elementary School,ALL,147,60,46,22,17,2,19,40.80%,31.30%,15.00%,11.60%,1.40%,12.90%,149,63,50,24,11,1,12,42.30%,33.60%,16.10%,7.40%,0.70%,8.10%
231,Drew Elementary School,3,20,11,5,2,2,0,2,55.00%,25.00%,10.00%,10.00%,0.00%,10.00%,20,9,5,5,1,0,1,45.00%,25.00%,25.00%,5.00%,0.00%,5.00%
231,Drew Elementary School,4,20,7,7,4,2,0,2,35.00%,35.00%,20.00%,10.00%,0.00%,10.00%,20,11,8,0,1,0,1,55.00%,40.00%,0.00%,5.00%,0.00%,5.00%
231,Drew Elementary School,5,31,9,12,9,1,0,1,29.00%,38.70%,29.00%,3.20%,0.00%,3.20%,31,15,15,1,0,0,0,48.40%,48.40%,3.20%,0.00%,0.00%,0.00%
231,Drew Elementary School,ALL,71,27,24,15,5,0,5,38.00%,33.80%,21.10%,7.00%,0.00%,7.00%,71,35,28,6,2,0,2,49.30%,39.40%,8.50%,2.80%,0.00%,2.80%
232,Eaton Elementary School,3,67,4,5,13,35,10,45,6.00%,7.50%,19.40%,52.20%,14.90%,67.20%,67,3,4,9,34,17,51,4.50%,6.00%,13.40%,50.70%,25.40%,76.10%
232,Eaton Elementary School,4,63,1,5,11,23,23,46,1.60%,7.90%,17.50%,36.50%,36.50%,73.00%,63,0,13,13,32,5,37,0.00%,20.60%,20.60%,50.80%,7.90%,58.70%
232,Eaton Elementary School,5,62,2,4,11,34,11,45,3.20%,6.50%,17.70%,54.80%,17.70%,72.60%,62,5,8,10,31,8,39,8.10%,12.90%,16.10%,50.00%,12.90%,62.90%
232,Eaton Elementary School,ALL,192,7,14,35,92,44,136,3.60%,7.30%,18.20%,47.90%,22.90%,70.80%,192,8,25,32,97,30,127,4.20%,13.00%,16.70%,50.50%,15.60%,66.10%
238,Garfield Elementary School,3,25,19,5,0,1,0,1,76.00%,20.00%,0.00%,4.00%,0.00%,4.00%,25,15,8,2,0,0,0,60.00%,32.00%,8.00%,0.00%,0.00%,0.00%
238,Garfield Elementary School,4,28,9,5,10,4,0,4,32.10%,17.90%,35.70%,14.30%,0.00%,14.30%,28,6,11,8,3,0,3,21.40%,39.30%,28.60%,10.70%,0.00%,10.70%
238,Garfield Elementary School,5,34,16,6,6,6,0,6,47.10%,17.60%,17.60%,17.60%,0.00%,17.60%,34,16,8,9,1,0,1,47.10%,23.50%,26.50%,2.90%,0.00%,2.90%
238,Garfield Elementary School,ALL,87,44,16,16,11,0,11,50.60%,18.40%,18.40%,12.60%,0.00%,12.60%,87,37,27,19,4,0,4,42.50%,31.00%,21.80%,4.60%,0.00%,4.60%
239,Garrison Elementary School,3,29,9,5,5,8,2,10,31.00%,17.20%,17.20%,27.60%,6.90%,34.50%,29,4,10,5,8,2,10,13.80%,34.50%,17.20%,27.60%,6.90%,34.50%
239,Garrison Elementary School,4,36,8,7,9,10,2,12,22.20%,19.40%,25.00%,27.80%,5.60%,33.30%,36,6,6,10,11,3,14,16.70%,16.70%,27.80%,30.60%,8.30%,38.90%
239,Garrison Elementary School,5,29,8,5,9,6,1,7,27.60%,17.20%,31.00%,20.70%,3.40%,24.10%,29,4,12,6,6,1,7,13.80%,41.40%,20.70%,20.70%,3.40%,24.10%
239,Garrison Elementary School,ALL,94,25,17,23,24,5,29,26.60%,18.10%,24.50%,25.50%,5.30%,30.90%,94,14,28,21,25,6,31,14.90%,29.80%,22.30%,26.60%,6.40%,33.00%
246,Hardy Middle School,6,173,11,14,32,97,19,116,6.40%,8.10%,18.50%,56.10%,11.00%,67.10%,175,20,20,49,73,13,86,11.40%,11.40%,28.00%,41.70%,7.40%,49.10%
246,Hardy Middle School,7,177,10,9,25,53,80,133,5.60%,5.10%,14.10%,29.90%,45.20%,75.10%,179,10,31,55,73,10,83,5.60%,17.30%,30.70%,40.80%,5.60%,46.40%
246,Hardy Middle School,8,150,7,13,38,59,33,92,4.70%,8.70%,25.30%,39.30%,22.00%,61.30%,150,19,31,42,55,3,58,12.70%,20.70%,28.00%,36.70%,2.00%,38.70%
246,Hardy Middle School,ALL,500,28,36,95,209,132,341,5.60%,7.20%,19.00%,41.80%,26.40%,68.20%,504,49,82,146,201,26,227,9.70%,16.30%,29.00%,39.90%,5.20%,45.00%
247,C.W. Harris Elementary School,3,30,20,7,3,0,0,0,66.70%,23.30%,10.00%,0.00%,0.00%,0.00%,28,10,11,6,1,0,1,35.70%,39.30%,21.40%,3.60%,0.00%,3.60%
247,C.W. Harris Elementary School,4,25,16,4,3,2,0,2,64.00%,16.00%,12.00%,8.00%,0.00%,8.00%,29,12,13,3,1,0,1,41.40%,44.80%,10.30%,3.40%,0.00%,3.40%
247,C.W. Harris Elementary School,5,21,10,2,7,2,0,2,47.60%,9.50%,33.30%,9.50%,0.00%,9.50%,23,9,9,3,2,0,2,39.10%,39.10%,13.00%,8.70%,0.00%,8.70%
247,C.W. Harris Elementary School,ALL,76,46,13,13,4,0,4,60.50%,17.10%,17.10%,5.30%,0.00%,5.30%,80,31,33,12,4,0,4,38.80%,41.30%,15.00%,5.00%,0.00%,5.00%
249,Hendley Elementary School,3,36,19,7,6,4,0,4,52.80%,19.40%,16.70%,11.10%,0.00%,11.10%,36,15,11,7,3,0,3,41.70%,30.60%,19.40%,8.30%,0.00%,8.30%
249,Hendley Elementary School,4,56,24,13,9,9,1,10,42.90%,23.20%,16.10%,16.10%,1.80%,17.90%,56,18,20,14,4,0,4,32.10%,35.70%,25.00%,7.10%,0.00%,7.10%
249,Hendley Elementary School,5,41,23,8,8,2,0,2,56.10%,19.50%,19.50%,4.90%,0.00%,4.90%,41,22,13,6,0,0,0,53.70%,31.70%,14.60%,0.00%,0.00%,0.00%
249,Hendley Elementary School,ALL,133,66,28,23,15,1,16,49.60%,21.10%,17.30%,11.30%,0.80%,12.00%,133,55,44,27,7,0,7,41.40%,33.10%,20.30%,5.30%,0.00%,5.30%
251,Houston Elementary School,3,27,15,4,6,2,0,2,55.60%,14.80%,22.20%,7.40%,0.00%,7.40%,27,13,4,7,3,0,3,48.10%,14.80%,25.90%,11.10%,0.00%,11.10%
251,Houston Elementary School,4,29,16,4,5,4,0,4,55.20%,13.80%,17.20%,13.80%,0.00%,13.80%,29,15,10,3,1,0,1,51.70%,34.50%,10.30%,3.40%,0.00%,3.40%
251,Houston Elementary School,5,29,15,8,4,2,0,2,51.70%,27.60%,13.80%,6.90%,0.00%,6.90%,29,20,6,3,0,0,0,69.00%,20.70%,10.30%,0.00%,0.00%,0.00%
251,Houston Elementary School,ALL,85,46,16,15,8,0,8,54.10%,18.80%,17.60%,9.40%,0.00%,9.40%,85,48,20,13,4,0,4,56.50%,23.50%,15.30%,4.70%,0.00%,4.70%
252,Hyde-Addison Elementary School,3,64,4,10,15,34,1,35,6.30%,15.60%,23.40%,53.10%,1.60%,54.70%,64,6,6,14,30,8,38,9.40%,9.40%,21.90%,46.90%,12.50%,59.40%
252,Hyde-Addison Elementary School,4,48,3,5,10,16,14,30,6.30%,10.40%,20.80%,33.30%,29.20%,62.50%,48,2,5,13,23,5,28,4.20%,10.40%,27.10%,47.90%,10.40%,58.30%
252,Hyde-Addison Elementary School,5,32,1,2,7,18,4,22,3.10%,6.30%,21.90%,56.30%,12.50%,68.80%,32,0,3,10,18,1,19,0.00%,9.40%,31.30%,56.30%,3.10%,59.40%
252,Hyde-Addison Elementary School,ALL,144,8,17,32,68,19,87,5.60%,11.80%,22.20%,47.20%,13.20%,60.40%,144,8,14,37,71,14,85,5.60%,9.70%,25.70%,49.30%,9.70%,59.00%
254,Janney Elementary School,3,97,0,2,13,55,27,82,0.00%,2.10%,13.40%,56.70%,27.80%,84.50%,97,0,1,3,48,45,93,0.00%,1.00%,3.10%,49.50%,46.40%,95.90%
254,Janney Elementary School,4,111,2,1,12,45,51,96,1.80%,0.90%,10.80%,40.50%,45.90%,86.50%,112,1,6,15,74,16,90,0.90%,5.40%,13.40%,66.10%,14.30%,80.40%
254,Janney Elementary School,5,92,0,3,10,53,26,79,0.00%,3.30%,10.90%,57.60%,28.30%,85.90%,92,2,3,14,54,19,73,2.20%,3.30%,15.20%,58.70%,20.70%,79.30%
254,Janney Elementary School,ALL,300,2,6,35,153,104,257,0.70%,2.00%,11.70%,51.00%,34.70%,85.70%,301,3,10,32,176,80,256,1.00%,3.30%,10.60%,58.50%,26.60%,85.00%
257,Ketcham Elementary School,3,33,21,8,4,0,0,0,63.60%,24.20%,12.10%,0.00%,0.00%,0.00%,33,12,7,13,1,0,1,36.40%,21.20%,39.40%,3.00%,0.00%,3.00%
257,Ketcham Elementary School,4,39,7,9,10,11,2,13,17.90%,23.10%,25.60%,28.20%,5.10%,33.30%,38,8,17,9,4,0,4,21.10%,44.70%,23.70%,10.50%,0.00%,10.50%
257,Ketcham Elementary School,5,28,9,9,4,6,0,6,32.10%,32.10%,14.30%,21.40%,0.00%,21.40%,28,16,8,3,1,0,1,57.10%,28.60%,10.70%,3.60%,0.00%,3.60%
257,Ketcham Elementary School,ALL,100,37,26,18,17,2,19,37.00%,26.00%,18.00%,17.00%,2.00%,19.00%,99,36,32,25,6,0,6,36.40%,32.30%,25.30%,6.10%,0.00%,6.10%
258,Hearst Elementary School,3,44,5,4,6,19,10,29,11.40%,9.10%,13.60%,43.20%,22.70%,65.90%,45,3,5,7,14,16,30,6.70%,11.10%,15.60%,31.10%,35.60%,66.70%
258,Hearst Elementary School,4,42,2,3,5,24,8,32,4.80%,7.10%,11.90%,57.10%,19.00%,76.20%,42,1,7,12,19,3,22,2.40%,16.70%,28.60%,45.20%,7.10%,52.40%
258,Hearst Elementary School,5,44,3,1,4,27,9,36,6.80%,2.30%,9.10%,61.40%,20.50%,81.80%,44,3,2,11,17,11,28,6.80%,4.50%,25.00%,38.60%,25.00%,63.60%
258,Hearst Elementary School,ALL,130,10,8,15,70,27,97,7.70%,6.20%,11.50%,53.80%,20.80%,74.60%,131,7,14,30,50,30,80,5.30%,10.70%,22.90%,38.20%,22.90%,61.10%
259,Kimball Elementary School,3,53,25,13,5,10,0,10,47.20%,24.50%,9.40%,18.90%,0.00%,18.90%,53,21,18,10,4,0,4,39.60%,34.00%,18.90%,7.50%,0.00%,7.50%
259,Kimball Elementary School,4,57,17,18,14,7,1,8,29.80%,31.60%,24.60%,12.30%,1.80%,14.00%,57,18,21,13,5,0,5,31.60%,36.80%,22.80%,8.80%,0.00%,8.80%
259,Kimball Elementary School,5,49,12,12,14,11,0,11,24.50%,24.50%,28.60%,22.40%,0.00%,22.40%,49,14,25,8,2,0,2,28.60%,51.00%,16.30%,4.10%,0.00%,4.10%
259,Kimball Elementary School,ALL,159,54,43,33,28,1,29,34.00%,27.00%,20.80%,17.60%,0.60%,18.20%,159,53,64,31,11,0,11,33.30%,40.30%,19.50%,6.90%,0.00%,6.90%
261,Lafayette Elementary School,3,132,10,12,21,78,11,89,7.60%,9.10%,15.90%,59.10%,8.30%,67.40%,133,4,7,19,61,42,103,3.00%,5.30%,14.30%,45.90%,31.60%,77.40%
261,Lafayette Elementary School,4,135,9,7,10,79,30,109,6.70%,5.20%,7.40%,58.50%,22.20%,80.70%,135,7,6,22,78,22,100,5.20%,4.40%,16.30%,57.80%,16.30%,74.10%
261,Lafayette Elementary School,5,112,5,8,10,61,28,89,4.50%,7.10%,8.90%,54.50%,25.00%,79.50%,112,8,6,10,53,35,88,7.10%,5.40%,8.90%,47.30%,31.30%,78.60%
261,Lafayette Elementary School,ALL,379,24,27,41,218,69,287,6.30%,7.10%,10.80%,57.50%,18.20%,75.70%,380,19,19,51,192,99,291,5.00%,5.00%,13.40%,50.50%,26.10%,76.60%
262,Langdon Elementary School,3,37,17,7,5,7,1,8,45.90%,18.90%,13.50%,18.90%,2.70%,21.60%,37,6,12,11,7,1,8,16.20%,32.40%,29.70%,18.90%,2.70%,21.60%
262,Langdon Elementary School,4,42,11,9,10,11,1,12,26.20%,21.40%,23.80%,26.20%,2.40%,28.60%,43,14,14,8,6,1,7,32.60%,32.60%,18.60%,14.00%,2.30%,16.30%
262,Langdon Elementary School,5,34,4,9,3,11,7,18,11.80%,26.50%,8.80%,32.40%,20.60%,52.90%,33,3,5,11,14,0,14,9.10%,15.20%,33.30%,42.40%,0.00%,42.40%
262,Langdon Elementary School,ALL,113,32,25,18,29,9,38,28.30%,22.10%,15.90%,25.70%,8.00%,33.60%,113,23,31,30,27,2,29,20.40%,27.40%,26.50%,23.90%,1.80%,25.70%
264,LaSalle-Backus Elementary School,3,26,14,4,4,4,0,4,53.80%,15.40%,15.40%,15.40%,0.00%,15.40%,26,15,5,4,2,0,2,57.70%,19.20%,15.40%,7.70%,0.00%,7.70%
264,LaSalle-Backus Elementary School,4,35,8,9,2,12,4,16,22.90%,25.70%,5.70%,34.30%,11.40%,45.70%,35,3,11,6,14,1,15,8.60%,31.40%,17.10%,40.00%,2.90%,42.90%
264,LaSalle-Backus Elementary School,5,26,6,3,10,6,1,7,23.10%,11.50%,38.50%,23.10%,3.80%,26.90%,26,2,5,11,8,0,8,7.70%,19.20%,42.30%,30.80%,0.00%,30.80%
264,LaSalle-Backus Elementary School,ALL,87,28,16,16,22,5,27,32.20%,18.40%,18.40%,25.30%,5.70%,31.00%,87,20,21,21,24,1,25,23.00%,24.10%,24.10%,27.60%,1.10%,28.70%
266,Leckie Education Campus,3,47,24,7,8,8,0,8,51.10%,14.90%,17.00%,17.00%,0.00%,17.00%,47,18,15,8,6,0,6,38.30%,31.90%,17.00%,12.80%,0.00%,12.80%
266,Leckie Education Campus,4,35,14,5,10,5,1,6,40.00%,14.30%,28.60%,14.30%,2.90%,17.10%,35,17,7,7,4,0,4,48.60%,20.00%,20.00%,11.40%,0.00%,11.40%
266,Leckie Education Campus,5,44,17,12,13,2,0,2,38.60%,27.30%,29.50%,4.50%,0.00%,4.50%,44,16,12,11,5,0,5,36.40%,27.30%,25.00%,11.40%,0.00%,11.40%
266,Leckie Education Campus,6,32,10,6,11,5,0,5,31.30%,18.80%,34.40%,15.60%,0.00%,15.60%,32,13,15,4,0,0,0,40.60%,46.90%,12.50%,0.00%,0.00%,0.00%
266,Leckie Education Campus,7,39,11,8,15,5,0,5,28.20%,20.50%,38.50%,12.80%,0.00%,12.80%,39,18,14,5,2,0,2,46.20%,35.90%,12.80%,5.10%,0.00%,5.10%
266,Leckie Education Campus,8,25,9,9,4,3,0,3,36.00%,36.00%,16.00%,12.00%,0.00%,12.00%,25,17,5,3,0,0,0,68.00%,20.00%,12.00%,0.00%,0.00%,0.00%
266,Leckie Education Campus,ALL,222,85,47,61,28,1,29,38.30%,21.20%,27.50%,12.60%,0.50%,13.10%,222,99,68,38,17,0,17,44.60%,30.60%,17.10%,7.70%,0.00%,7.70%
271,Ludlow-Taylor Elementary School,3,53,4,3,5,33,8,41,7.50%,5.70%,9.40%,62.30%,15.10%,77.40%,53,7,4,15,17,10,27,13.20%,7.50%,28.30%,32.10%,18.90%,50.90%
271,Ludlow-Taylor Elementary School,4,45,6,6,6,11,16,27,13.30%,13.30%,13.30%,24.40%,35.60%,60.00%,45,6,9,10,18,2,20,13.30%,20.00%,22.20%,40.00%,4.40%,44.40%
271,Ludlow-Taylor Elementary School,5,45,0,5,9,24,7,31,0.00%,11.10%,20.00%,53.30%,15.60%,68.90%,45,3,10,16,13,3,16,6.70%,22.20%,35.60%,28.90%,6.70%,35.60%
271,Ludlow-Taylor Elementary School,ALL,143,10,14,20,68,31,99,7.00%,9.80%,14.00%,47.60%,21.70%,69.20%,143,16,23,41,48,15,63,11.20%,16.10%,28.70%,33.60%,10.50%,44.10%
272,Key Elementary School,3,50,3,3,3,18,23,41,6.00%,6.00%,6.00%,36.00%,46.00%,82.00%,50,3,3,2,21,21,42,6.00%,6.00%,4.00%,42.00%,42.00%,84.00%
272,Key Elementary School,4,59,1,2,4,26,26,52,1.70%,3.40%,6.80%,44.10%,44.10%,88.10%,60,2,6,12,32,8,40,3.30%,10.00%,20.00%,53.30%,13.30%,66.70%
272,Key Elementary School,5,33,0,2,4,19,8,27,0.00%,6.10%,12.10%,57.60%,24.20%,81.80%,33,1,1,8,18,5,23,3.00%,3.00%,24.20%,54.50%,15.20%,69.70%
272,Key Elementary School,ALL,142,4,7,11,63,57,120,2.80%,4.90%,7.70%,44.40%,40.10%,84.50%,143,6,10,22,71,34,105,4.20%,7.00%,15.40%,49.70%,23.80%,73.40%
273,Mann Elementary School,3,50,4,3,9,31,3,34,8.00%,6.00%,18.00%,62.00%,6.00%,68.00%,50,4,3,5,27,11,38,8.00%,6.00%,10.00%,54.00%,22.00%,76.00%
273,Mann Elementary School,4,46,0,4,8,23,11,34,0.00%,8.70%,17.40%,50.00%,23.90%,73.90%,47,0,5,10,24,8,32,0.00%,10.60%,21.30%,51.10%,17.00%,68.10%
273,Mann Elementary School,5,47,1,1,11,30,4,34,2.10%,2.10%,23.40%,63.80%,8.50%,72.30%,47,0,8,9,25,5,30,0.00%,17.00%,19.10%,53.20%,10.60%,63.80%
273,Mann Elementary School,ALL,143,5,8,28,84,18,102,3.50%,5.60%,19.60%,58.70%,12.60%,71.30%,144,4,16,24,76,24,100,2.80%,11.10%,16.70%,52.80%,16.70%,69.40%
274,Maury Elementary School,3,82,5,9,21,40,7,47,6.10%,11.00%,25.60%,48.80%,8.50%,57.30%,82,7,9,12,37,17,54,8.50%,11.00%,14.60%,45.10%,20.70%,65.90%
274,Maury Elementary School,4,66,6,6,4,21,29,50,9.10%,9.10%,6.10%,31.80%,43.90%,75.80%,66,5,7,15,34,5,39,7.60%,10.60%,22.70%,51.50%,7.60%,59.10%
274,Maury Elementary School,5,39,1,4,7,10,17,27,2.60%,10.30%,17.90%,25.60%,43.60%,69.20%,39,6,12,4,8,9,17,15.40%,30.80%,10.30%,20.50%,23.10%,43.60%
274,Maury Elementary School,ALL,187,12,19,32,71,53,124,6.40%,10.20%,17.10%,38.00%,28.30%,66.30%,187,18,28,31,79,31,110,9.60%,15.00%,16.60%,42.20%,16.60%,58.80%
280,Miner Elementary School,3,38,24,8,3,3,0,3,63.20%,21.10%,7.90%,7.90%,0.00%,7.90%,39,14,15,6,3,1,4,35.90%,38.50%,15.40%,7.70%,2.60%,10.30%
280,Miner Elementary School,4,43,26,8,6,3,0,3,60.50%,18.60%,14.00%,7.00%,0.00%,7.00%,43,20,16,5,2,0,2,46.50%,37.20%,11.60%,4.70%,0.00%,4.70%
280,Miner Elementary School,5,38,17,11,5,5,0,5,44.70%,28.90%,13.20%,13.20%,0.00%,13.20%,38,25,12,1,0,0,0,65.80%,31.60%,2.60%,0.00%,0.00%,0.00%
280,Miner Elementary School,ALL,119,67,27,14,11,0,11,56.30%,22.70%,11.80%,9.20%,0.00%,9.20%,120,59,43,12,5,1,6,49.20%,35.80%,10.00%,4.20%,0.80%,5.00%
284,Marie Reed Elementary School,3,51,10,11,11,18,1,19,19.60%,21.60%,21.60%,35.30%,2.00%,37.30%,51,9,6,13,15,8,23,17.60%,11.80%,25.50%,29.40%,15.70%,45.10%
284,Marie Reed Elementary School,4,66,21,7,12,15,11,26,31.80%,10.60%,18.20%,22.70%,16.70%,39.40%,66,20,16,12,14,4,18,30.30%,24.20%,18.20%,21.20%,6.10%,27.30%
284,Marie Reed Elementary School,5,54,7,10,12,17,8,25,13.00%,18.50%,22.20%,31.50%,14.80%,46.30%,54,8,15,14,16,1,17,14.80%,27.80%,25.90%,29.60%,1.90%,31.50%
284,Marie Reed Elementary School,ALL,171,38,28,35,50,20,70,22.20%,16.40%,20.50%,29.20%,11.70%,40.90%,171,37,37,39,45,13,58,21.60%,21.60%,22.80%,26.30%,7.60%,33.90%
285,Moten Elementary School,3,22,11,8,2,1,0,1,50.00%,36.40%,9.10%,4.50%,0.00%,4.50%,22,10,8,3,1,0,1,45.50%,36.40%,13.60%,4.50%,0.00%,4.50%
285,Moten Elementary School,4,22,14,4,3,1,0,1,63.60%,18.20%,13.60%,4.50%,0.00%,4.50%,22,12,9,1,0,0,0,54.50%,40.90%,4.50%,0.00%,0.00%,0.00%
285,Moten Elementary School,5,33,21,9,1,2,0,2,63.60%,27.30%,3.00%,6.10%,0.00%,6.10%,33,23,6,3,1,0,1,69.70%,18.20%,9.10%,3.00%,0.00%,3.00%
285,Moten Elementary School,ALL,77,46,21,6,4,0,4,59.70%,27.30%,7.80%,5.20%,0.00%,5.20%,77,45,23,7,2,0,2,58.40%,29.90%,9.10%,2.60%,0.00%,2.60%
287,Murch Elementary School,3,84,9,8,21,44,2,46,10.70%,9.50%,25.00%,52.40%,2.40%,54.80%,83,5,6,13,35,24,59,6.00%,7.20%,15.70%,42.20%,28.90%,71.10%
287,Murch Elementary School,4,96,12,6,20,32,26,58,12.50%,6.30%,20.80%,33.30%,27.10%,60.40%,96,8,14,21,43,10,53,8.30%,14.60%,21.90%,44.80%,10.40%,55.20%
287,Murch Elementary School,5,85,2,4,5,49,25,74,2.40%,4.70%,5.90%,57.60%,29.40%,87.10%,87,3,2,20,40,22,62,3.40%,2.30%,23.00%,46.00%,25.30%,71.30%
287,Murch Elementary School,ALL,265,23,18,46,125,53,178,8.70%,6.80%,17.40%,47.20%,20.00%,67.20%,266,16,22,54,118,56,174,6.00%,8.30%,20.30%,44.40%,21.10%,65.40%
288,Nalle Elementary School,3,33,17,11,5,0,0,0,51.50%,33.30%,15.20%,0.00%,0.00%,0.00%,33,7,11,9,5,1,6,21.20%,33.30%,27.30%,15.20%,3.00%,18.20%
288,Nalle Elementary School,4,43,15,10,12,6,0,6,34.90%,23.30%,27.90%,14.00%,0.00%,14.00%,43,11,14,14,4,0,4,25.60%,32.60%,32.60%,9.30%,0.00%,9.30%
288,Nalle Elementary School,5,42,23,7,8,4,0,4,54.80%,16.70%,19.00%,9.50%,0.00%,9.50%,42,12,21,7,2,0,2,28.60%,50.00%,16.70%,4.80%,0.00%,4.80%
288,Nalle Elementary School,ALL,118,55,28,25,10,0,10,46.60%,23.70%,21.20%,8.50%,0.00%,8.50%,118,30,46,30,11,1,12,25.40%,39.00%,25.40%,9.30%,0.80%,10.20%
290,Noyes Elementary School,3,31,20,7,4,0,0,0,64.50%,22.60%,12.90%,0.00%,0.00%,0.00%,31,16,8,7,0,0,0,51.60%,25.80%,22.60%,0.00%,0.00%,0.00%
290,Noyes Elementary School,4,21,14,4,1,1,1,2,66.70%,19.00%,4.80%,4.80%,4.80%,9.50%,21,10,7,3,1,0,1,47.60%,33.30%,14.30%,4.80%,0.00%,4.80%
290,Noyes Elementary School,5,35,7,17,9,2,0,2,20.00%,48.60%,25.70%,5.70%,0.00%,5.70%,34,13,11,6,4,0,4,38.20%,32.40%,17.60%,11.80%,0.00%,11.80%
290,Noyes Elementary School,ALL,87,41,28,14,3,1,4,47.10%,32.20%,16.10%,3.40%,1.10%,4.60%,86,39,26,16,5,0,5,45.30%,30.20%,18.60%,5.80%,0.00%,5.80%
291,Lawrence E. Boone Elementary School,3,60,40,13,6,1,0,1,66.70%,21.70%,10.00%,1.70%,0.00%,1.70%,60,39,16,5,0,0,0,65.00%,26.70%,8.30%,0.00%,0.00%,0.00%
291,Lawrence E. Boone Elementary School,4,43,18,9,10,5,1,6,41.90%,20.90%,23.30%,11.60%,2.30%,14.00%,44,19,18,6,1,0,1,43.20%,40.90%,13.60%,2.30%,0.00%,2.30%
291,Lawrence E. Boone Elementary School,5,50,14,16,13,7,0,7,28.00%,32.00%,26.00%,14.00%,0.00%,14.00%,49,25,19,5,0,0,0,51.00%,38.80%,10.20%,0.00%,0.00%,0.00%
291,Lawrence E. Boone Elementary School,ALL,153,72,38,29,13,1,14,47.10%,24.80%,19.00%,8.50%,0.70%,9.20%,153,83,53,16,1,0,1,54.20%,34.60%,10.50%,0.70%,0.00%,0.70%
292,Oyster-Adams Bilingual School,3,78,11,8,20,36,3,39,14.10%,10.30%,25.60%,46.20%,3.80%,50.00%,78,1,8,14,41,14,55,1.30%,10.30%,17.90%,52.60%,17.90%,70.50%
292,Oyster-Adams Bilingual School,4,71,2,12,13,23,21,44,2.80%,16.90%,18.30%,32.40%,29.60%,62.00%,71,1,17,23,26,4,30,1.40%,23.90%,32.40%,36.60%,5.60%,42.30%
292,Oyster-Adams Bilingual School,5,71,2,7,13,36,13,49,2.80%,9.90%,18.30%,50.70%,18.30%,69.00%,71,6,12,14,27,12,39,8.50%,16.90%,19.70%,38.00%,16.90%,54.90%
292,Oyster-Adams Bilingual School,6,66,6,7,12,33,8,41,9.10%,10.60%,18.20%,50.00%,12.10%,62.10%,66,7,10,23,23,3,26,10.60%,15.20%,34.80%,34.80%,4.50%,39.40%
292,Oyster-Adams Bilingual School,7,69,5,6,7,23,28,51,7.20%,8.70%,10.10%,33.30%,40.60%,73.90%,69,1,10,14,34,10,44,1.40%,14.50%,20.30%,49.30%,14.50%,63.80%
292,Oyster-Adams Bilingual School,8,57,4,5,6,27,15,42,7.00%,8.80%,10.50%,47.40%,26.30%,73.70%,62,6,11,21,22,2,24,9.70%,17.70%,33.90%,35.50%,3.20%,38.70%
292,Oyster-Adams Bilingual School,ALL,412,30,45,71,178,88,266,7.30%,10.90%,17.20%,43.20%,21.40%,64.60%,417,22,68,109,173,45,218,5.30%,16.30%,26.10%,41.50%,10.80%,52.30%
294,Patterson Elementary School,3,32,13,7,7,5,0,5,40.60%,21.90%,21.90%,15.60%,0.00%,15.60%,31,10,9,8,4,0,4,32.30%,29.00%,25.80%,12.90%,0.00%,12.90%
294,Patterson Elementary School,4,33,10,9,7,6,1,7,30.30%,27.30%,21.20%,18.20%,3.00%,21.20%,33,11,14,8,0,0,0,33.30%,42.40%,24.20%,0.00%,0.00%,0.00%
294,Patterson Elementary School,5,37,10,15,8,4,0,4,27.00%,40.50%,21.60%,10.80%,0.00%,10.80%,36,15,12,5,4,0,4,41.70%,33.30%,13.90%,11.10%,0.00%,11.10%
294,Patterson Elementary School,ALL,102,33,31,22,15,1,16,32.40%,30.40%,21.60%,14.70%,1.00%,15.70%,100,36,35,21,8,0,8,36.00%,35.00%,21.00%,8.00%,0.00%,8.00%
295,Payne Elementary School,3,36,8,5,10,11,2,13,22.20%,13.90%,27.80%,30.60%,5.60%,36.10%,35,3,11,12,6,3,9,8.60%,31.40%,34.30%,17.10%,8.60%,25.70%
295,Payne Elementary School,4,42,7,4,6,13,12,25,16.70%,9.50%,14.30%,31.00%,28.60%,59.50%,42,8,8,13,12,1,13,19.00%,19.00%,31.00%,28.60%,2.40%,31.00%
295,Payne Elementary School,5,22,5,2,7,6,2,8,22.70%,9.10%,31.80%,27.30%,9.10%,36.40%,22,10,2,4,5,1,6,45.50%,9.10%,18.20%,22.70%,4.50%,27.30%
295,Payne Elementary School,ALL,100,20,11,23,30,16,46,20.00%,11.00%,23.00%,30.00%,16.00%,46.00%,99,21,21,29,23,5,28,21.20%,21.20%,29.30%,23.20%,5.10%,28.30%
296,Bruce-Monroe Elementary School @ Park View,3,46,12,14,10,9,1,10,26.10%,30.40%,21.70%,19.60%,2.20%,21.70%,46,10,9,12,13,2,15,21.70%,19.60%,26.10%,28.30%,4.30%,32.60%
296,Bruce-Monroe Elementary School @ Park View,4,53,15,9,8,18,3,21,28.30%,17.00%,15.10%,34.00%,5.70%,39.60%,53,6,18,12,13,4,17,11.30%,34.00%,22.60%,24.50%,7.50%,32.10%
296,Bruce-Monroe Elementary School @ Park View,5,59,20,16,12,11,0,11,33.90%,27.10%,20.30%,18.60%,0.00%,18.60%,59,8,16,16,16,3,19,13.60%,27.10%,27.10%,27.10%,5.10%,32.20%
296,Bruce-Monroe Elementary School @ Park View,ALL,158,47,39,30,38,4,42,29.70%,24.70%,19.00%,24.10%,2.50%,26.60%,158,24,43,40,42,9,51,15.20%,27.20%,25.30%,26.60%,5.70%,32.30%
299,Plummer Elementary School,3,21,9,7,2,3,0,3,42.90%,33.30%,9.50%,14.30%,0.00%,14.30%,21,7,8,5,0,1,1,33.30%,38.10%,23.80%,0.00%,4.80%,4.80%
299,Plummer Elementary School,4,23,11,4,4,3,1,4,47.80%,17.40%,17.40%,13.00%,4.30%,17.40%,24,10,9,4,1,0,1,41.70%,37.50%,16.70%,4.20%,0.00%,4.20%
299,Plummer Elementary School,5,32,11,6,5,9,1,10,34.40%,18.80%,15.60%,28.10%,3.10%,31.30%,32,14,9,5,4,0,4,43.80%,28.10%,15.60%,12.50%,0.00%,12.50%
299,Plummer Elementary School,ALL,76,31,17,11,15,2,17,40.80%,22.40%,14.50%,19.70%,2.60%,22.40%,77,31,26,14,5,1,6,40.30%,33.80%,18.20%,6.50%,1.30%,7.80%
300,Powell Elementary School,3,62,27,16,10,8,1,9,43.50%,25.80%,16.10%,12.90%,1.60%,14.50%,64,16,22,17,9,0,9,25.00%,34.40%,26.60%,14.10%,0.00%,14.10%
300,Powell Elementary School,4,65,18,12,17,14,4,18,27.70%,18.50%,26.20%,21.50%,6.20%,27.70%,65,11,24,19,10,1,11,16.90%,36.90%,29.20%,15.40%,1.50%,16.90%
300,Powell Elementary School,5,50,5,14,15,15,1,16,10.00%,28.00%,30.00%,30.00%,2.00%,32.00%,52,11,17,14,10,0,10,21.20%,32.70%,26.90%,19.20%,0.00%,19.20%
300,Powell Elementary School,ALL,177,50,42,42,37,6,43,28.20%,23.70%,23.70%,20.90%,3.40%,24.30%,181,38,63,50,29,1,30,21.00%,34.80%,27.60%,16.00%,0.60%,16.60%
302,Raymond Elementary School,3,56,20,13,12,11,0,11,35.70%,23.20%,21.40%,19.60%,0.00%,19.60%,56,13,20,16,5,2,7,23.20%,35.70%,28.60%,8.90%,3.60%,12.50%
302,Raymond Elementary School,4,48,11,12,13,11,1,12,22.90%,25.00%,27.10%,22.90%,2.10%,25.00%,47,12,24,8,3,0,3,25.50%,51.10%,17.00%,6.40%,0.00%,6.40%
302,Raymond Elementary School,5,51,6,15,12,16,2,18,11.80%,29.40%,23.50%,31.40%,3.90%,35.30%,52,9,16,21,5,1,6,17.30%,30.80%,40.40%,9.60%,1.90%,11.50%
302,Raymond Elementary School,ALL,155,37,40,37,38,3,41,23.90%,25.80%,23.90%,24.50%,1.90%,26.50%,155,34,60,45,13,3,16,21.90%,38.70%,29.00%,8.40%,1.90%,10.30%
304,River Terrace Education Campus,6,.,,,,,,,,,,,,,.,,,,,,,,,,,,
304,River Terrace Education Campus,7,.,,,,,,,,,,,,,.,,,,,,,,,,,,
304,River Terrace Education Campus,8,.,,,,,,,,,,,,,.,,,,,,,,,,,,
304,River Terrace Education Campus,ALL,.,,,,,,,,,,,,,.,,,,,,,,,,,,
304,River Terrace Education Campus,HS,.,,,,,,,,,,,,,.,,,,,,,,,,,,
305,Ross Elementary School,3,27,2,0,2,14,9,23,7.40%,0.00%,7.40%,51.90%,33.30%,85.20%,28,1,0,5,12,10,22,3.60%,0.00%,17.90%,42.90%,35.70%,78.60%
305,Ross Elementary School,4,19,0,2,2,4,11,15,0.00%,10.50%,10.50%,21.10%,57.90%,78.90%,19,1,4,2,8,4,12,5.30%,21.10%,10.50%,42.10%,21.10%,63.20%
305,Ross Elementary School,5,13,0,1,1,7,4,11,0.00%,7.70%,7.70%,53.80%,30.80%,84.60%,13,1,4,3,3,2,5,7.70%,30.80%,23.10%,23.10%,15.40%,38.50%
305,Ross Elementary School,ALL,59,2,3,5,25,24,49,3.40%,5.10%,8.50%,42.40%,40.70%,83.10%,60,3,8,10,23,16,39,5.00%,13.30%,16.70%,38.30%,26.70%,65.00%
307,Savoy Elementary School,3,34,25,7,2,0,0,0,73.50%,20.60%,5.90%,0.00%,0.00%,0.00%,31,22,7,2,0,0,0,71.00%,22.60%,6.50%,0.00%,0.00%,0.00%
307,Savoy Elementary School,4,31,21,7,2,1,0,1,67.70%,22.60%,6.50%,3.20%,0.00%,3.20%,30,18,10,2,0,0,0,60.00%,33.30%,6.70%,0.00%,0.00%,0.00%
307,Savoy Elementary School,5,24,9,4,5,6,0,6,37.50%,16.70%,20.80%,25.00%,0.00%,25.00%,23,16,2,3,2,0,2,69.60%,8.70%,13.00%,8.70%,0.00%,8.70%
307,Savoy Elementary School,ALL,89,55,18,9,7,0,7,61.80%,20.20%,10.10%,7.90%,0.00%,7.90%,84,56,19,7,2,0,2,66.70%,22.60%,8.30%,2.40%,0.00%,2.40%
308,Malcolm X Elementary School @ Green,3,26,17,5,3,1,0,1,65.40%,19.20%,11.50%,3.80%,0.00%,3.80%,26,17,5,4,0,0,0,65.40%,19.20%,15.40%,0.00%,0.00%,0.00%
308,Malcolm X Elementary School @ Green,4,25,16,5,3,1,0,1,64.00%,20.00%,12.00%,4.00%,0.00%,4.00%,25,10,14,0,1,0,1,40.00%,56.00%,0.00%,4.00%,0.00%,4.00%
308,Malcolm X Elementary School @ Green,5,33,12,9,7,5,0,5,36.40%,27.30%,21.20%,15.20%,0.00%,15.20%,33,20,8,4,1,0,1,60.60%,24.20%,12.10%,3.00%,0.00%,3.00%
308,Malcolm X Elementary School @ Green,ALL,84,45,19,13,7,0,7,53.60%,22.60%,15.50%,8.30%,0.00%,8.30%,84,47,27,8,2,0,2,56.00%,32.10%,9.50%,2.40%,0.00%,2.40%
309,Seaton Elementary School,3,37,13,4,7,10,3,13,35.10%,10.80%,18.90%,27.00%,8.10%,35.10%,37,8,8,4,9,8,17,21.60%,21.60%,10.80%,24.30%,21.60%,45.90%
309,Seaton Elementary School,4,39,9,9,10,11,0,11,23.10%,23.10%,25.60%,28.20%,0.00%,28.20%,39,4,14,10,9,2,11,10.30%,35.90%,25.60%,23.10%,5.10%,28.20%
309,Seaton Elementary School,5,38,14,4,8,11,1,12,36.80%,10.50%,21.10%,28.90%,2.60%,31.60%,38,6,14,10,7,1,8,15.80%,36.80%,26.30%,18.40%,2.60%,21.10%
309,Seaton Elementary School,ALL,114,36,17,25,32,4,36,31.60%,14.90%,21.90%,28.10%,3.50%,31.60%,114,18,36,24,25,11,36,15.80%,31.60%,21.10%,21.90%,9.60%,31.60%
313,Shepherd Elementary School,3,41,8,1,7,24,1,25,19.50%,2.40%,17.10%,58.50%,2.40%,61.00%,41,4,7,10,16,4,20,9.80%,17.10%,24.40%,39.00%,9.80%,48.80%
313,Shepherd Elementary School,4,48,2,3,12,18,13,31,4.20%,6.30%,25.00%,37.50%,27.10%,64.60%,48,1,6,17,22,2,24,2.10%,12.50%,35.40%,45.80%,4.20%,50.00%
313,Shepherd Elementary School,5,65,2,7,12,24,20,44,3.10%,10.80%,18.50%,36.90%,30.80%,67.70%,67,7,8,25,23,4,27,10.40%,11.90%,37.30%,34.30%,6.00%,40.30%
313,Shepherd Elementary School,ALL,154,12,11,31,66,34,100,7.80%,7.10%,20.10%,42.90%,22.10%,64.90%,156,12,21,52,61,10,71,7.70%,13.50%,33.30%,39.10%,6.40%,45.50%
315,Simon Elementary School,3,30,12,8,7,3,0,3,40.00%,26.70%,23.30%,10.00%,0.00%,10.00%,30,7,7,7,9,0,9,23.30%,23.30%,23.30%,30.00%,0.00%,30.00%
315,Simon Elementary School,4,26,14,9,2,1,0,1,53.80%,34.60%,7.70%,3.80%,0.00%,3.80%,26,11,12,3,0,0,0,42.30%,46.20%,11.50%,0.00%,0.00%,0.00%
315,Simon Elementary School,5,37,10,12,10,5,0,5,27.00%,32.40%,27.00%,13.50%,0.00%,13.50%,37,14,19,4,0,0,0,37.80%,51.40%,10.80%,0.00%,0.00%,0.00%
315,Simon Elementary School,ALL,93,36,29,19,9,0,9,38.70%,31.20%,20.40%,9.70%,0.00%,9.70%,93,32,38,14,9,0,9,34.40%,40.90%,15.10%,9.70%,0.00%,9.70%
316,Randle Highlands Elementary School,3,33,21,3,7,2,0,2,63.60%,9.10%,21.20%,6.10%,0.00%,6.10%,32,7,15,6,4,0,4,21.90%,46.90%,18.80%,12.50%,0.00%,12.50%
316,Randle Highlands Elementary School,4,38,12,15,9,2,0,2,31.60%,39.50%,23.70%,5.30%,0.00%,5.30%,36,12,13,7,4,0,4,33.30%,36.10%,19.40%,11.10%,0.00%,11.10%
316,Randle Highlands Elementary School,5,37,10,12,12,3,0,3,27.00%,32.40%,32.40%,8.10%,0.00%,8.10%,36,9,16,5,6,0,6,25.00%,44.40%,13.90%,16.70%,0.00%,16.70%
316,Randle Highlands Elementary School,ALL,108,43,30,28,7,0,7,39.80%,27.80%,25.90%,6.50%,0.00%,6.50%,104,28,44,18,14,0,14,26.90%,42.30%,17.30%,13.50%,0.00%,13.50%
318,Excel Academy,3,35,21,8,3,3,0,3,60.00%,22.90%,8.60%,8.60%,0.00%,8.60%,34,12,16,4,2,0,2,35.30%,47.10%,11.80%,5.90%,0.00%,5.90%
318,Excel Academy,4,36,19,12,4,1,0,1,52.80%,33.30%,11.10%,2.80%,0.00%,2.80%,37,21,10,5,1,0,1,56.80%,27.00%,13.50%,2.70%,0.00%,2.70%
318,Excel Academy,5,43,20,11,9,3,0,3,46.50%,25.60%,20.90%,7.00%,0.00%,7.00%,40,23,12,4,1,0,1,57.50%,30.00%,10.00%,2.50%,0.00%,2.50%
318,Excel Academy,6,43,10,10,17,6,0,6,23.30%,23.30%,39.50%,14.00%,0.00%,14.00%,44,24,13,7,0,0,0,54.50%,29.50%,15.90%,0.00%,0.00%,0.00%
318,Excel Academy,7,43,9,13,13,8,0,8,20.90%,30.20%,30.20%,18.60%,0.00%,18.60%,41,14,21,6,0,0,0,34.10%,51.20%,14.60%,0.00%,0.00%,0.00%
318,Excel Academy,8,39,14,10,10,5,0,5,35.90%,25.60%,25.60%,12.80%,0.00%,12.80%,38,28,6,4,0,0,0,73.70%,15.80%,10.50%,0.00%,0.00%,0.00%
318,Excel Academy,ALL,239,93,64,56,26,0,26,38.90%,26.80%,23.40%,10.90%,0.00%,10.90%,234,122,78,30,4,0,4,52.10%,33.30%,12.80%,1.70%,0.00%,1.70%
319,Stanton Elementary School,3,42,29,8,4,1,0,1,69.00%,19.00%,9.50%,2.40%,0.00%,2.40%,43,21,11,8,3,0,3,48.80%,25.60%,18.60%,7.00%,0.00%,7.00%
319,Stanton Elementary School,4,46,26,10,7,3,0,3,56.50%,21.70%,15.20%,6.50%,0.00%,6.50%,46,23,18,5,0,0,0,50.00%,39.10%,10.90%,0.00%,0.00%,0.00%
319,Stanton Elementary School,5,52,24,17,10,1,0,1,46.20%,32.70%,19.20%,1.90%,0.00%,1.90%,53,16,21,14,2,0,2,30.20%,39.60%,26.40%,3.80%,0.00%,3.80%
319,Stanton Elementary School,ALL,140,79,35,21,5,0,5,56.40%,25.00%,15.00%,3.60%,0.00%,3.60%,142,60,50,27,5,0,5,42.30%,35.20%,19.00%,3.50%,0.00%,3.50%
321,Stoddert Elementary School,3,61,1,5,12,41,2,43,1.60%,8.20%,19.70%,67.20%,3.30%,70.50%,64,1,2,4,28,29,57,1.60%,3.10%,6.30%,43.80%,45.30%,89.10%
321,Stoddert Elementary School,4,57,2,5,5,30,15,45,3.50%,8.80%,8.80%,52.60%,26.30%,78.90%,57,1,4,7,37,8,45,1.80%,7.00%,12.30%,64.90%,14.00%,78.90%
321,Stoddert Elementary School,5,57,1,7,7,34,8,42,1.80%,12.30%,12.30%,59.60%,14.00%,73.70%,58,3,5,14,27,9,36,5.20%,8.60%,24.10%,46.60%,15.50%,62.10%
321,Stoddert Elementary School,ALL,175,4,17,24,105,25,130,2.30%,9.70%,13.70%,60.00%,14.30%,74.30%,179,5,11,25,92,46,138,2.80%,6.10%,14.00%,51.40%,25.70%,77.10%
322,Smothers Elementary School,3,24,12,7,4,1,0,1,50.00%,29.20%,16.70%,4.20%,0.00%,4.20%,26,15,6,5,0,0,0,57.70%,23.10%,19.20%,0.00%,0.00%,0.00%
322,Smothers Elementary School,4,22,14,3,2,3,0,3,63.60%,13.60%,9.10%,13.60%,0.00%,13.60%,22,8,8,6,0,0,0,36.40%,36.40%,27.30%,0.00%,0.00%,0.00%
322,Smothers Elementary School,5,19,6,5,5,3,0,3,31.60%,26.30%,26.30%,15.80%,0.00%,15.80%,19,8,8,3,0,0,0,42.10%,42.10%,15.80%,0.00%,0.00%,0.00%
322,Smothers Elementary School,ALL,65,32,15,11,7,0,7,49.20%,23.10%,16.90%,10.80%,0.00%,10.80%,67,31,22,14,0,0,0,46.30%,32.80%,20.90%,0.00%,0.00%,0.00%
324,Takoma Elementary School,3,36,16,7,8,5,0,5,44.40%,19.40%,22.20%,13.90%,0.00%,13.90%,36,10,8,7,9,2,11,27.80%,22.20%,19.40%,25.00%,5.60%,30.60%
324,Takoma Elementary School,4,32,9,12,3,8,0,8,28.10%,37.50%,9.40%,25.00%,0.00%,25.00%,32,12,11,6,3,0,3,37.50%,34.40%,18.80%,9.40%,0.00%,9.40%
324,Takoma Elementary School,5,36,6,7,13,8,2,10,16.70%,19.40%,36.10%,22.20%,5.60%,27.80%,36,8,13,10,5,0,5,22.20%,36.10%,27.80%,13.90%,0.00%,13.90%
324,Takoma Elementary School,ALL,104,31,26,24,21,2,23,29.80%,25.00%,23.10%,20.20%,1.90%,22.10%,104,30,32,23,17,2,19,28.80%,30.80%,22.10%,16.30%,1.90%,18.30%
325,Thomas Elementary School,3,33,17,8,8,0,0,0,51.50%,24.20%,24.20%,0.00%,0.00%,0.00%,33,14,12,5,2,0,2,42.40%,36.40%,15.20%,6.10%,0.00%,6.10%
325,Thomas Elementary School,4,33,12,10,7,3,1,4,36.40%,30.30%,21.20%,9.10%,3.00%,12.10%,33,18,11,4,0,0,0,54.50%,33.30%,12.10%,0.00%,0.00%,0.00%
325,Thomas Elementary School,5,30,7,6,11,6,0,6,23.30%,20.00%,36.70%,20.00%,0.00%,20.00%,30,18,9,3,0,0,0,60.00%,30.00%,10.00%,0.00%,0.00%,0.00%
325,Thomas Elementary School,ALL,96,36,24,26,9,1,10,37.50%,25.00%,27.10%,9.40%,1.00%,10.40%,96,50,32,12,2,0,2,52.10%,33.30%,12.50%,2.10%,0.00%,2.10%
326,Thomson Elementary School,3,33,13,4,7,8,1,9,39.40%,12.10%,21.20%,24.20%,3.00%,27.30%,33,10,5,4,9,5,14,30.30%,15.20%,12.10%,27.30%,15.20%,42.40%
326,Thomson Elementary School,4,40,8,6,8,16,2,18,20.00%,15.00%,20.00%,40.00%,5.00%,45.00%,40,6,14,8,10,2,12,15.00%,35.00%,20.00%,25.00%,5.00%,30.00%
326,Thomson Elementary School,5,35,4,9,10,11,1,12,11.40%,25.70%,28.60%,31.40%,2.90%,34.30%,35,5,9,10,10,1,11,14.30%,25.70%,28.60%,28.60%,2.90%,31.40%
326,Thomson Elementary School,ALL,108,25,19,25,35,4,39,23.10%,17.60%,23.10%,32.40%,3.70%,36.10%,108,21,28,22,29,8,37,19.40%,25.90%,20.40%,26.90%,7.40%,34.30%
327,Truesdell Elementary School,3,47,19,9,11,7,1,8,40.40%,19.10%,23.40%,14.90%,2.10%,17.00%,48,11,17,11,7,2,9,22.90%,35.40%,22.90%,14.60%,4.20%,18.80%
327,Truesdell Elementary School,4,42,15,10,8,7,2,9,35.70%,23.80%,19.00%,16.70%,4.80%,21.40%,43,22,12,5,3,1,4,51.20%,27.90%,11.60%,7.00%,2.30%,9.30%
327,Truesdell Elementary School,5,56,22,13,12,6,3,9,39.30%,23.20%,21.40%,10.70%,5.40%,16.10%,56,30,17,5,4,0,4,53.60%,30.40%,8.90%,7.10%,0.00%,7.10%
327,Truesdell Elementary School,ALL,145,56,32,31,20,6,26,38.60%,22.10%,21.40%,13.80%,4.10%,17.90%,147,63,46,21,14,3,17,42.90%,31.30%,14.30%,9.50%,2.00%,11.60%
328,Tubman Elementary School,3,77,47,6,14,10,0,10,61.00%,7.80%,18.20%,13.00%,0.00%,13.00%,77,37,16,16,7,1,8,48.10%,20.80%,20.80%,9.10%,1.30%,10.40%
328,Tubman Elementary School,4,73,31,17,10,15,0,15,42.50%,23.30%,13.70%,20.50%,0.00%,20.50%,73,19,26,16,11,1,12,26.00%,35.60%,21.90%,15.10%,1.40%,16.40%
328,Tubman Elementary School,5,66,15,19,16,16,0,16,22.70%,28.80%,24.20%,24.20%,0.00%,24.20%,66,14,20,19,13,0,13,21.20%,30.30%,28.80%,19.70%,0.00%,19.70%
328,Tubman Elementary School,ALL,216,93,42,40,41,0,41,43.10%,19.40%,18.50%,19.00%,0.00%,19.00%,216,70,62,51,31,2,33,32.40%,28.70%,23.60%,14.40%,0.90%,15.30%
329,Turner Elementary School,3,58,48,8,0,2,0,2,82.80%,13.80%,0.00%,3.40%,0.00%,3.40%,58,29,19,8,2,0,2,50.00%,32.80%,13.80%,3.40%,0.00%,3.40%
329,Turner Elementary School,4,67,41,19,5,2,0,2,61.20%,28.40%,7.50%,3.00%,0.00%,3.00%,68,41,23,4,0,0,0,60.30%,33.80%,5.90%,0.00%,0.00%,0.00%
329,Turner Elementary School,5,54,39,8,3,4,0,4,72.20%,14.80%,5.60%,7.40%,0.00%,7.40%,54,39,11,3,1,0,1,72.20%,20.40%,5.60%,1.90%,0.00%,1.90%
329,Turner Elementary School,ALL,179,128,35,8,8,0,8,71.50%,19.60%,4.50%,4.50%,0.00%,4.50%,180,109,53,15,3,0,3,60.60%,29.40%,8.30%,1.70%,0.00%,1.70%
330,Tyler Elementary School,3,60,21,14,13,10,2,12,35.00%,23.30%,21.70%,16.70%,3.30%,20.00%,60,16,12,20,7,5,12,26.70%,20.00%,33.30%,11.70%,8.30%,20.00%
330,Tyler Elementary School,4,60,13,13,11,17,6,23,21.70%,21.70%,18.30%,28.30%,10.00%,38.30%,60,15,21,12,10,2,12,25.00%,35.00%,20.00%,16.70%,3.30%,20.00%
330,Tyler Elementary School,5,37,5,8,8,13,3,16,13.50%,21.60%,21.60%,35.10%,8.10%,43.20%,37,13,16,4,4,0,4,35.10%,43.20%,10.80%,10.80%,0.00%,10.80%
330,Tyler Elementary School,ALL,157,39,35,32,40,11,51,24.80%,22.30%,20.40%,25.50%,7.00%,32.50%,157,44,49,36,21,7,28,28.00%,31.20%,22.90%,13.40%,4.50%,17.80%
331,Van Ness Elementary School,3,45,13,9,8,15,0,15,28.90%,20.00%,17.80%,33.30%,0.00%,33.30%,44,18,8,11,6,1,7,40.90%,18.20%,25.00%,13.60%,2.30%,15.90%
331,Van Ness Elementary School,4,40,10,8,8,10,4,14,25.00%,20.00%,20.00%,25.00%,10.00%,35.00%,39,13,12,5,8,1,9,33.30%,30.80%,12.80%,20.50%,2.60%,23.10%
331,Van Ness Elementary School,5,46,14,7,6,19,0,19,30.40%,15.20%,13.00%,41.30%,0.00%,41.30%,46,22,11,7,6,0,6,47.80%,23.90%,15.20%,13.00%,0.00%,13.00%
331,Van Ness Elementary School,ALL,131,37,24,22,44,4,48,28.20%,18.30%,16.80%,33.60%,3.10%,36.60%,129,53,31,23,20,2,22,41.10%,24.00%,17.80%,15.50%,1.60%,17.10%
332,Walker-Jones Education Campus,3,40,27,5,5,3,0,3,67.50%,12.50%,12.50%,7.50%,0.00%,7.50%,34,27,3,3,1,0,1,79.40%,8.80%,8.80%,2.90%,0.00%,2.90%
332,Walker-Jones Education Campus,4,25,10,4,5,6,0,6,40.00%,16.00%,20.00%,24.00%,0.00%,24.00%,27,14,13,0,0,0,0,51.90%,48.10%,0.00%,0.00%,0.00%,0.00%
332,Walker-Jones Education Campus,5,33,14,8,10,1,0,1,42.40%,24.20%,30.30%,3.00%,0.00%,3.00%,33,23,9,1,0,0,0,69.70%,27.30%,3.00%,0.00%,0.00%,0.00%
332,Walker-Jones Education Campus,6,33,8,7,13,4,1,5,24.20%,21.20%,39.40%,12.10%,3.00%,15.20%,33,19,9,3,2,0,2,57.60%,27.30%,9.10%,6.10%,0.00%,6.10%
332,Walker-Jones Education Campus,7,26,4,13,5,4,0,4,15.40%,50.00%,19.20%,15.40%,0.00%,15.40%,28,8,14,6,0,0,0,28.60%,50.00%,21.40%,0.00%,0.00%,0.00%
332,Walker-Jones Education Campus,8,33,12,4,11,5,1,6,36.40%,12.10%,33.30%,15.20%,3.00%,18.20%,37,21,11,3,2,0,2,56.80%,29.70%,8.10%,5.40%,0.00%,5.40%
332,Walker-Jones Education Campus,ALL,190,75,41,49,23,2,25,39.50%,21.60%,25.80%,12.10%,1.10%,13.20%,192,112,59,16,5,0,5,58.30%,30.70%,8.30%,2.60%,0.00%,2.60%
333,Watkins Elementary School (Capitol Hill Cluster),3,78,16,19,20,23,0,23,20.50%,24.40%,25.60%,29.50%,0.00%,29.50%,79,7,8,22,26,16,42,8.90%,10.10%,27.80%,32.90%,20.30%,53.20%
333,Watkins Elementary School (Capitol Hill Cluster),4,87,21,15,16,28,7,35,24.10%,17.20%,18.40%,32.20%,8.00%,40.20%,87,20,13,18,28,8,36,23.00%,14.90%,20.70%,32.20%,9.20%,41.40%
333,Watkins Elementary School (Capitol Hill Cluster),5,74,14,12,17,27,4,31,18.90%,16.20%,23.00%,36.50%,5.40%,41.90%,74,19,16,24,13,2,15,25.70%,21.60%,32.40%,17.60%,2.70%,20.30%
333,Watkins Elementary School (Capitol Hill Cluster),ALL,239,51,46,53,78,11,89,21.30%,19.20%,22.20%,32.60%,4.60%,37.20%,240,46,37,64,67,26,93,19.20%,15.40%,26.70%,27.90%,10.80%,38.80%
335,Wheatley Education Campus,3,28,16,7,4,1,0,1,57.10%,25.00%,14.30%,3.60%,0.00%,3.60%,29,9,13,7,0,0,0,31.00%,44.80%,24.10%,0.00%,0.00%,0.00%
335,Wheatley Education Campus,4,24,11,8,3,2,0,2,45.80%,33.30%,12.50%,8.30%,0.00%,8.30%,24,14,7,2,1,0,1,58.30%,29.20%,8.30%,4.20%,0.00%,4.20%
335,Wheatley Education Campus,5,15,4,5,5,1,0,1,26.70%,33.30%,33.30%,6.70%,0.00%,6.70%,17,14,2,1,0,0,0,82.40%,11.80%,5.90%,0.00%,0.00%,0.00%
335,Wheatley Education Campus,6,22,4,7,5,6,0,6,18.20%,31.80%,22.70%,27.30%,0.00%,27.30%,22,4,13,3,2,0,2,18.20%,59.10%,13.60%,9.10%,0.00%,9.10%
335,Wheatley Education Campus,7,29,10,9,6,3,1,4,34.50%,31.00%,20.70%,10.30%,3.40%,13.80%,28,10,11,6,1,0,1,35.70%,39.30%,21.40%,3.60%,0.00%,3.60%
335,Wheatley Education Campus,8,27,8,11,3,5,0,5,29.60%,40.70%,11.10%,18.50%,0.00%,18.50%,28,15,8,2,3,0,3,53.60%,28.60%,7.10%,10.70%,0.00%,10.70%
335,Wheatley Education Campus,ALL,145,53,47,26,18,1,19,36.60%,32.40%,17.90%,12.40%,0.70%,13.10%,148,66,54,21,7,0,7,44.60%,36.50%,14.20%,4.70%,0.00%,4.70%
336,John Lewis Elementary School,3,34,10,7,8,6,3,9,29.40%,20.60%,23.50%,17.60%,8.80%,26.50%,34,14,8,5,5,2,7,41.20%,23.50%,14.70%,14.70%,5.90%,20.60%
336,John Lewis Elementary School,4,37,3,8,15,7,4,11,8.10%,21.60%,40.50%,18.90%,10.80%,29.70%,36,6,12,7,11,0,11,16.70%,33.30%,19.40%,30.60%,0.00%,30.60%
336,John Lewis Elementary School,5,41,11,8,10,12,0,12,26.80%,19.50%,24.40%,29.30%,0.00%,29.30%,41,21,11,6,3,0,3,51.20%,26.80%,14.60%,7.30%,0.00%,7.30%
336,John Lewis Elementary School,ALL,112,24,23,33,25,7,32,21.40%,20.50%,29.50%,22.30%,6.30%,28.60%,111,41,31,18,19,2,21,36.90%,27.90%,16.20%,17.10%,1.80%,18.90%
338,Whittier Elementary School,3,30,12,7,8,3,0,3,40.00%,23.30%,26.70%,10.00%,0.00%,10.00%,30,8,11,6,4,1,5,26.70%,36.70%,20.00%,13.30%,3.30%,16.70%
338,Whittier Elementary School,4,43,3,13,16,10,1,11,7.00%,30.20%,37.20%,23.30%,2.30%,25.60%,43,6,12,11,14,0,14,14.00%,27.90%,25.60%,32.60%,0.00%,32.60%
338,Whittier Elementary School,5,32,5,5,12,10,0,10,15.60%,15.60%,37.50%,31.30%,0.00%,31.30%,32,5,13,8,6,0,6,15.60%,40.60%,25.00%,18.80%,0.00%,18.80%
338,Whittier Elementary School,ALL,105,20,25,36,23,1,24,19.00%,23.80%,34.30%,21.90%,1.00%,22.90%,105,19,36,25,24,1,25,18.10%,34.30%,23.80%,22.90%,1.00%,23.80%
339,J.O. Wilson Elementary School,3,50,21,10,6,12,1,13,42.00%,20.00%,12.00%,24.00%,2.00%,26.00%,50,22,11,9,6,2,8,44.00%,22.00%,18.00%,12.00%,4.00%,16.00%
339,J.O. Wilson Elementary School,4,55,22,16,7,9,1,10,40.00%,29.10%,12.70%,16.40%,1.80%,18.20%,55,23,16,10,6,0,6,41.80%,29.10%,18.20%,10.90%,0.00%,10.90%
339,J.O. Wilson Elementary School,5,47,9,12,14,12,0,12,19.10%,25.50%,29.80%,25.50%,0.00%,25.50%,47,18,15,8,6,0,6,38.30%,31.90%,17.00%,12.80%,0.00%,12.80%
339,J.O. Wilson Elementary School,ALL,152,52,38,27,33,2,35,34.20%,25.00%,17.80%,21.70%,1.30%,23.00%,152,63,42,27,18,2,20,41.40%,27.60%,17.80%,11.80%,1.30%,13.20%
344,King Elementary School,3,29,17,4,3,5,0,5,58.60%,13.80%,10.30%,17.20%,0.00%,17.20%,29,14,7,6,2,0,2,48.30%,24.10%,20.70%,6.90%,0.00%,6.90%
344,King Elementary School,4,29,18,7,2,2,0,2,62.10%,24.10%,6.90%,6.90%,0.00%,6.90%,29,13,11,4,1,0,1,44.80%,37.90%,13.80%,3.40%,0.00%,3.40%
344,King Elementary School,5,33,14,12,6,1,0,1,42.40%,36.40%,18.20%,3.00%,0.00%,3.00%,33,17,11,5,0,0,0,51.50%,33.30%,15.20%,0.00%,0.00%,0.00%
344,King Elementary School,ALL,91,49,23,11,8,0,8,53.80%,25.30%,12.10%,8.80%,0.00%,8.80%,91,44,29,15,3,0,3,48.40%,31.90%,16.50%,3.30%,0.00%,3.30%
347,Brookland Middle School,6,101,28,34,23,16,0,16,27.70%,33.70%,22.80%,15.80%,0.00%,15.80%,101,63,26,8,4,0,4,62.40%,25.70%,7.90%,4.00%,0.00%,4.00%
347,Brookland Middle School,7,106,23,30,30,18,5,23,21.70%,28.30%,28.30%,17.00%,4.70%,21.70%,105,28,45,28,4,0,4,26.70%,42.90%,26.70%,3.80%,0.00%,3.80%
347,Brookland Middle School,8,105,32,29,28,15,1,16,30.50%,27.60%,26.70%,14.30%,1.00%,15.20%,104,54,42,6,2,0,2,51.90%,40.40%,5.80%,1.90%,0.00%,1.90%
347,Brookland Middle School,ALL,312,83,93,81,49,6,55,26.60%,29.80%,26.00%,15.70%,1.90%,17.60%,310,145,113,42,10,0,10,46.80%,36.50%,13.50%,3.20%,0.00%,3.20%
349,Dorothy I. Height Elementary School,3,49,15,10,9,14,1,15,30.60%,20.40%,18.40%,28.60%,2.00%,30.60%,50,21,11,5,9,4,13,42.00%,22.00%,10.00%,18.00%,8.00%,26.00%
349,Dorothy I. Height Elementary School,4,47,11,8,15,12,1,13,23.40%,17.00%,31.90%,25.50%,2.10%,27.70%,48,9,9,12,17,1,18,18.80%,18.80%,25.00%,35.40%,2.10%,37.50%
349,Dorothy I. Height Elementary School,5,36,10,13,6,6,1,7,27.80%,36.10%,16.70%,16.70%,2.80%,19.40%,36,4,13,10,7,2,9,11.10%,36.10%,27.80%,19.40%,5.60%,25.00%
349,Dorothy I. Height Elementary School,ALL,132,36,31,30,32,3,35,27.30%,23.50%,22.70%,24.20%,2.30%,26.50%,134,34,33,27,33,7,40,25.40%,24.60%,20.10%,24.60%,5.20%,29.90%
360,Capitol Hill Montessori School @ Logan,3,30,7,6,9,7,1,8,23.30%,20.00%,30.00%,23.30%,3.30%,26.70%,30,2,12,10,6,0,6,6.70%,40.00%,33.30%,20.00%,0.00%,20.00%
360,Capitol Hill Montessori School @ Logan,4,32,8,4,9,8,3,11,25.00%,12.50%,28.10%,25.00%,9.40%,34.40%,32,11,7,7,7,0,7,34.40%,21.90%,21.90%,21.90%,0.00%,21.90%
360,Capitol Hill Montessori School @ Logan,5,18,2,2,4,8,2,10,11.10%,11.10%,22.20%,44.40%,11.10%,55.60%,19,8,3,4,2,2,4,42.10%,15.80%,21.10%,10.50%,10.50%,21.10%
360,Capitol Hill Montessori School @ Logan,6,25,4,5,8,7,1,8,16.00%,20.00%,32.00%,28.00%,4.00%,32.00%,25,12,4,7,2,0,2,48.00%,16.00%,28.00%,8.00%,0.00%,8.00%
360,Capitol Hill Montessori School @ Logan,7,19,1,3,5,10,0,10,5.30%,15.80%,26.30%,52.60%,0.00%,52.60%,19,2,4,6,6,1,7,10.50%,21.10%,31.60%,31.60%,5.30%,36.80%
360,Capitol Hill Montessori School @ Logan,8,26,3,10,4,8,1,9,11.50%,38.50%,15.40%,30.80%,3.80%,34.60%,26,7,12,7,0,0,0,26.90%,46.20%,26.90%,0.00%,0.00%,0.00%
360,Capitol Hill Montessori School @ Logan,ALL,150,25,30,39,48,8,56,16.70%,20.00%,26.00%,32.00%,5.30%,37.30%,151,42,42,41,23,3,26,27.80%,27.80%,27.20%,15.20%,2.00%,17.20%
370,Langley Elementary School,3,23,13,8,2,0,0,0,56.50%,34.80%,8.70%,0.00%,0.00%,0.00%,23,8,6,7,2,0,2,34.80%,26.10%,30.40%,8.70%,0.00%,8.70%
370,Langley Elementary School,4,38,21,7,4,6,0,6,55.30%,18.40%,10.50%,15.80%,0.00%,15.80%,39,24,8,4,3,0,3,61.50%,20.50%,10.30%,7.70%,0.00%,7.70%
370,Langley Elementary School,5,26,11,6,6,3,0,3,42.30%,23.10%,23.10%,11.50%,0.00%,11.50%,26,14,8,3,1,0,1,53.80%,30.80%,11.50%,3.80%,0.00%,3.80%
370,Langley Elementary School,ALL,87,45,21,12,9,0,9,51.70%,24.10%,13.80%,10.30%,0.00%,10.30%,88,46,22,14,6,0,6,52.30%,25.00%,15.90%,6.80%,0.00%,6.80%
402,Benjamin Banneker High School,ALL,281,0,4,20,153,104,257,0.00%,1.40%,7.10%,54.40%,37.00%,91.50%,267,3,26,90,140,8,148,1.10%,9.70%,33.70%,52.40%,3.00%,55.40%
402,Benjamin Banneker High School,HS,281,0,4,20,153,104,257,0.00%,1.40%,7.10%,54.40%,37.00%,91.50%,267,3,26,90,140,8,148,1.10%,9.70%,33.70%,52.40%,3.00%,55.40%
404,Browne Education Campus,3,27,14,5,5,3,0,3,51.90%,18.50%,18.50%,11.10%,0.00%,11.10%,27,11,7,6,3,0,3,40.70%,25.90%,22.20%,11.10%,0.00%,11.10%
404,Browne Education Campus,4,30,4,7,15,4,0,4,13.30%,23.30%,50.00%,13.30%,0.00%,13.30%,31,3,14,10,4,0,4,9.70%,45.20%,32.30%,12.90%,0.00%,12.90%
404,Browne Education Campus,5,36,14,10,9,3,0,3,38.90%,27.80%,25.00%,8.30%,0.00%,8.30%,37,18,12,7,0,0,0,48.60%,32.40%,18.90%,0.00%,0.00%,0.00%
404,Browne Education Campus,6,33,11,13,8,1,0,1,33.30%,39.40%,24.20%,3.00%,0.00%,3.00%,33,21,8,4,0,0,0,63.60%,24.20%,12.10%,0.00%,0.00%,0.00%
404,Browne Education Campus,7,37,11,12,10,3,1,4,29.70%,32.40%,27.00%,8.10%,2.70%,10.80%,37,12,15,8,2,0,2,32.40%,40.50%,21.60%,5.40%,0.00%,5.40%
404,Browne Education Campus,8,53,34,10,5,4,0,4,64.20%,18.90%,9.40%,7.50%,0.00%,7.50%,55,30,19,6,0,0,0,54.50%,34.50%,10.90%,0.00%,0.00%,0.00%
404,Browne Education Campus,ALL,216,88,57,52,18,1,19,40.70%,26.40%,24.10%,8.30%,0.50%,8.80%,220,95,75,41,9,0,9,43.20%,34.10%,18.60%,4.10%,0.00%,4.10%
405,Deal Middle School,6,425,20,32,70,214,89,303,4.70%,7.50%,16.50%,50.40%,20.90%,71.30%,430,26,55,80,199,70,269,6.00%,12.80%,18.60%,46.30%,16.30%,62.60%
405,Deal Middle School,7,453,21,26,55,131,220,351,4.60%,5.70%,12.10%,28.90%,48.60%,77.50%,458,16,46,94,217,85,302,3.50%,10.00%,20.50%,47.40%,18.60%,65.90%
405,Deal Middle School,8,445,50,29,70,168,128,296,11.20%,6.50%,15.70%,37.80%,28.80%,66.50%,447,64,68,98,167,50,217,14.30%,15.20%,21.90%,37.40%,11.20%,48.50%
405,Deal Middle School,ALL,1323,91,87,195,513,437,950,6.90%,6.60%,14.70%,38.80%,33.00%,71.80%,1335,106,169,272,583,205,788,7.90%,12.70%,20.40%,43.70%,15.40%,59.00%
407,Eliot-Hine Middle School,6,109,23,23,26,30,7,37,21.10%,21.10%,23.90%,27.50%,6.40%,33.90%,107,44,27,22,14,0,14,41.10%,25.20%,20.60%,13.10%,0.00%,13.10%
407,Eliot-Hine Middle School,7,68,21,19,15,9,4,13,30.90%,27.90%,22.10%,13.20%,5.90%,19.10%,67,19,31,13,2,2,4,28.40%,46.30%,19.40%,3.00%,3.00%,6.00%
407,Eliot-Hine Middle School,8,96,30,16,26,17,7,24,31.30%,16.70%,27.10%,17.70%,7.30%,25.00%,95,49,32,7,7,0,7,51.60%,33.70%,7.40%,7.40%,0.00%,7.40%
407,Eliot-Hine Middle School,ALL,273,74,58,67,56,18,74,27.10%,21.20%,24.50%,20.50%,6.60%,27.10%,269,112,90,42,23,2,25,41.60%,33.50%,15.60%,8.60%,0.70%,9.30%
409,School Without Walls @ Francis-Stevens,3,32,11,5,5,9,2,11,34.40%,15.60%,15.60%,28.10%,6.30%,34.40%,34,7,7,3,14,3,17,20.60%,20.60%,8.80%,41.20%,8.80%,50.00%
409,School Without Walls @ Francis-Stevens,4,32,6,4,6,10,6,16,18.80%,12.50%,18.80%,31.30%,18.80%,50.00%,32,5,5,10,11,1,12,15.60%,15.60%,31.30%,34.40%,3.10%,37.50%
409,School Without Walls @ Francis-Stevens,5,35,2,4,7,17,5,22,5.70%,11.40%,20.00%,48.60%,14.30%,62.90%,35,2,5,8,12,8,20,5.70%,14.30%,22.90%,34.30%,22.90%,57.10%
409,School Without Walls @ Francis-Stevens,6,78,5,18,23,25,7,32,6.40%,23.10%,29.50%,32.10%,9.00%,41.00%,78,16,23,26,12,1,13,20.50%,29.50%,33.30%,15.40%,1.30%,16.70%
409,School Without Walls @ Francis-Stevens,7,86,10,17,23,23,13,36,11.60%,19.80%,26.70%,26.70%,15.10%,41.90%,86,12,19,34,19,2,21,14.00%,22.10%,39.50%,22.10%,2.30%,24.40%
409,School Without Walls @ Francis-Stevens,8,85,17,13,15,27,13,40,20.00%,15.30%,17.60%,31.80%,15.30%,47.10%,86,28,22,15,17,4,21,32.60%,25.60%,17.40%,19.80%,4.70%,24.40%
409,School Without Walls @ Francis-Stevens,ALL,348,51,61,79,111,46,157,14.70%,17.50%,22.70%,31.90%,13.20%,45.10%,351,70,81,96,85,19,104,19.90%,23.10%,27.40%,24.20%,5.40%,29.60%
413,Hart Middle School,6,121,47,33,30,11,0,11,38.80%,27.30%,24.80%,9.10%,0.00%,9.10%,121,63,39,15,4,0,4,52.10%,32.20%,12.40%,3.30%,0.00%,3.30%
413,Hart Middle School,7,138,45,37,36,16,4,20,32.60%,26.80%,26.10%,11.60%,2.90%,14.50%,137,42,53,35,7,0,7,30.70%,38.70%,25.50%,5.10%,0.00%,5.10%
413,Hart Middle School,8,116,32,35,31,17,1,18,27.60%,30.20%,26.70%,14.70%,0.90%,15.50%,115,67,40,7,1,0,1,58.30%,34.80%,6.10%,0.90%,0.00%,0.90%
413,Hart Middle School,ALL,375,124,105,97,44,5,49,33.10%,28.00%,25.90%,11.70%,1.30%,13.10%,373,172,132,57,12,0,12,46.10%,35.40%,15.30%,3.20%,0.00%,3.20%
416,Johnson Middle School,6,94,50,30,9,5,0,5,53.20%,31.90%,9.60%,5.30%,0.00%,5.30%,89,70,15,4,0,0,0,78.70%,16.90%,4.50%,0.00%,0.00%,0.00%
416,Johnson Middle School,7,87,44,23,17,2,1,3,50.60%,26.40%,19.50%,2.30%,1.10%,3.40%,86,41,34,10,1,0,1,47.70%,39.50%,11.60%,1.20%,0.00%,1.20%
416,Johnson Middle School,8,82,33,25,16,8,0,8,40.20%,30.50%,19.50%,9.80%,0.00%,9.80%,83,57,23,2,1,0,1,68.70%,27.70%,2.40%,1.20%,0.00%,1.20%
416,Johnson Middle School,ALL,263,127,78,42,15,1,16,48.30%,29.70%,16.00%,5.70%,0.40%,6.10%,258,168,72,16,2,0,2,65.10%,27.90%,6.20%,0.80%,0.00%,0.80%
417,Kramer Middle School,6,85,40,34,11,0,0,0,47.10%,40.00%,12.90%,0.00%,0.00%,0.00%,83,57,24,2,0,0,0,68.70%,28.90%,2.40%,0.00%,0.00%,0.00%
417,Kramer Middle School,7,75,29,23,21,2,0,2,38.70%,30.70%,28.00%,2.70%,0.00%,2.70%,73,34,30,8,1,0,1,46.60%,41.10%,11.00%,1.40%,0.00%,1.40%
417,Kramer Middle School,8,77,51,14,11,1,0,1,66.20%,18.20%,14.30%,1.30%,0.00%,1.30%,75,52,20,3,0,0,0,69.30%,26.70%,4.00%,0.00%,0.00%,0.00%
417,Kramer Middle School,ALL,237,120,71,43,3,0,3,50.60%,30.00%,18.10%,1.30%,0.00%,1.30%,231,143,74,13,1,0,1,61.90%,32.00%,5.60%,0.40%,0.00%,0.40%
420,MacFarland Middle School,6,174,48,55,50,21,0,21,27.60%,31.60%,28.70%,12.10%,0.00%,12.10%,168,78,44,41,5,0,5,46.40%,26.20%,24.40%,3.00%,0.00%,3.00%
420,MacFarland Middle School,7,164,44,42,45,28,5,33,26.80%,25.60%,27.40%,17.10%,3.00%,20.10%,165,47,79,32,7,0,7,28.50%,47.90%,19.40%,4.20%,0.00%,4.20%
420,MacFarland Middle School,8,228,65,43,50,59,11,70,28.50%,18.90%,21.90%,25.90%,4.80%,30.70%,225,111,73,31,10,0,10,49.30%,32.40%,13.80%,4.40%,0.00%,4.40%
420,MacFarland Middle School,ALL,566,157,140,145,108,16,124,27.70%,24.70%,25.60%,19.10%,2.80%,21.90%,558,236,196,104,22,0,22,42.30%,35.10%,18.60%,3.90%,0.00%,3.90%
421,Kelly Miller Middle School,6,119,40,44,23,11,1,12,33.60%,37.00%,19.30%,9.20%,0.80%,10.10%,116,64,35,16,1,0,1,55.20%,30.20%,13.80%,0.90%,0.00%,0.90%
421,Kelly Miller Middle School,7,114,43,27,24,19,1,20,37.70%,23.70%,21.10%,16.70%,0.90%,17.50%,110,25,45,37,3,0,3,22.70%,40.90%,33.60%,2.70%,0.00%,2.70%
421,Kelly Miller Middle School,8,137,52,33,34,18,0,18,38.00%,24.10%,24.80%,13.10%,0.00%,13.10%,132,81,40,9,2,0,2,61.40%,30.30%,6.80%,1.50%,0.00%,1.50%
421,Kelly Miller Middle School,ALL,370,135,104,81,48,2,50,36.50%,28.10%,21.90%,13.00%,0.50%,13.50%,358,170,120,62,6,0,6,47.50%,33.50%,17.30%,1.70%,0.00%,1.70%
427,Sousa Middle School,6,74,38,18,12,6,0,6,51.40%,24.30%,16.20%,8.10%,0.00%,8.10%,74,46,20,7,1,0,1,62.20%,27.00%,9.50%,1.40%,0.00%,1.40%
427,Sousa Middle School,7,54,19,18,13,4,0,4,35.20%,33.30%,24.10%,7.40%,0.00%,7.40%,54,19,27,8,0,0,0,35.20%,50.00%,14.80%,0.00%,0.00%,0.00%
427,Sousa Middle School,8,77,32,17,18,9,1,10,41.60%,22.10%,23.40%,11.70%,1.30%,13.00%,77,41,27,8,1,0,1,53.20%,35.10%,10.40%,1.30%,0.00%,1.30%
427,Sousa Middle School,ALL,205,89,53,43,19,1,20,43.40%,25.90%,21.00%,9.30%,0.50%,9.80%,205,106,74,23,2,0,2,51.70%,36.10%,11.20%,1.00%,0.00%,1.00%
428,Stuart-Hobson Middle School (Capitol Hill Cluster),6,155,22,44,37,40,12,52,14.20%,28.40%,23.90%,25.80%,7.70%,33.50%,154,66,42,29,13,4,17,42.90%,27.30%,18.80%,8.40%,2.60%,11.00%
428,Stuart-Hobson Middle School (Capitol Hill Cluster),7,160,33,28,41,33,25,58,20.60%,17.50%,25.60%,20.60%,15.60%,36.30%,153,30,62,40,19,2,21,19.60%,40.50%,26.10%,12.40%,1.30%,13.70%
428,Stuart-Hobson Middle School (Capitol Hill Cluster),8,161,18,20,41,56,26,82,11.20%,12.40%,25.50%,34.80%,16.10%,50.90%,155,54,46,30,24,1,25,34.80%,29.70%,19.40%,15.50%,0.60%,16.10%
428,Stuart-Hobson Middle School (Capitol Hill Cluster),ALL,476,73,92,119,129,63,192,15.30%,19.30%,25.00%,27.10%,13.20%,40.30%,462,150,150,99,56,7,63,32.50%,32.50%,21.40%,12.10%,1.50%,13.60%
433,Jefferson Middle School Academy,6,121,22,34,26,35,4,39,18.20%,28.10%,21.50%,28.90%,3.30%,32.20%,121,39,43,25,12,2,14,32.20%,35.50%,20.70%,9.90%,1.70%,11.60%
433,Jefferson Middle School Academy,7,118,38,24,22,22,12,34,32.20%,20.30%,18.60%,18.60%,10.20%,28.80%,118,30,42,34,7,5,12,25.40%,35.60%,28.80%,5.90%,4.20%,10.20%
433,Jefferson Middle School Academy,8,119,44,23,28,21,3,24,37.00%,19.30%,23.50%,17.60%,2.50%,20.20%,119,54,38,18,9,0,9,45.40%,31.90%,15.10%,7.60%,0.00%,7.60%
433,Jefferson Middle School Academy,ALL,358,104,81,76,78,19,97,29.10%,22.60%,21.20%,21.80%,5.30%,27.10%,358,123,123,77,28,7,35,34.40%,34.40%,21.50%,7.80%,2.00%,9.80%
435,McKinley Middle School,6,82,27,25,21,8,1,9,32.90%,30.50%,25.60%,9.80%,1.20%,11.00%,82,48,23,11,0,0,0,58.50%,28.00%,13.40%,0.00%,0.00%,0.00%
435,McKinley Middle School,7,77,19,14,20,18,6,24,24.70%,18.20%,26.00%,23.40%,7.80%,31.20%,75,15,38,16,6,0,6,20.00%,50.70%,21.30%,8.00%,0.00%,8.00%
435,McKinley Middle School,8,84,27,18,22,13,4,17,32.10%,21.40%,26.20%,15.50%,4.80%,20.20%,82,47,19,12,4,0,4,57.30%,23.20%,14.60%,4.90%,0.00%,4.90%
435,McKinley Middle School,ALL,243,73,57,63,39,11,50,30.00%,23.50%,25.90%,16.00%,4.50%,20.60%,239,110,80,39,10,0,10,46.00%,33.50%,16.30%,4.20%,0.00%,4.20%
436,Ron Brown College Preparatory High School,ALL,68,44,11,7,6,0,6,64.70%,16.20%,10.30%,8.80%,0.00%,8.80%,60,35,14,10,1,0,1,58.30%,23.30%,16.70%,1.70%,0.00%,1.70%
436,Ron Brown College Preparatory High School,HS,68,44,11,7,6,0,6,64.70%,16.20%,10.30%,8.80%,0.00%,8.80%,60,35,14,10,1,0,1,58.30%,23.30%,16.70%,1.70%,0.00%,1.70%
442,Columbia Heights Education Campus,6,164,48,33,44,34,5,39,29.30%,20.10%,26.80%,20.70%,3.00%,23.80%,167,37,60,41,28,1,29,22.20%,35.90%,24.60%,16.80%,0.60%,17.40%
442,Columbia Heights Education Campus,7,139,34,25,37,33,10,43,24.50%,18.00%,26.60%,23.70%,7.20%,30.90%,139,22,49,44,22,2,24,15.80%,35.30%,31.70%,15.80%,1.40%,17.30%
442,Columbia Heights Education Campus,8,176,58,37,45,28,8,36,33.00%,21.00%,25.60%,15.90%,4.50%,20.50%,177,74,61,36,5,1,6,41.80%,34.50%,20.30%,2.80%,0.60%,3.40%
442,Columbia Heights Education Campus,ALL,977,265,206,242,224,40,264,27.10%,21.10%,24.80%,22.90%,4.10%,27.00%,855,241,325,205,79,5,84,28.20%,38.00%,24.00%,9.20%,0.60%,9.80%
442,Columbia Heights Education Campus,HS,498,125,111,116,129,17,146,25.10%,22.30%,23.30%,25.90%,3.40%,29.30%,372,108,155,84,24,1,25,29.00%,41.70%,22.60%,6.50%,0.30%,6.70%
450,Anacostia High School,ALL,139,83,33,18,5,0,5,59.70%,23.70%,12.90%,3.60%,0.00%,3.60%,135,64,60,10,1,0,1,47.40%,44.40%,7.40%,0.70%,0.00%,0.70%
450,Anacostia High School,HS,139,83,33,18,5,0,5,59.70%,23.70%,12.90%,3.60%,0.00%,3.60%,135,64,60,10,1,0,1,47.40%,44.40%,7.40%,0.70%,0.00%,0.70%
452,Ballou High School,ALL,269,140,69,45,15,0,15,52.00%,25.70%,16.70%,5.60%,0.00%,5.60%,259,131,109,19,0,0,0,50.60%,42.10%,7.30%,0.00%,0.00%,0.00%
452,Ballou High School,HS,269,140,69,45,15,0,15,52.00%,25.70%,16.70%,5.60%,0.00%,5.60%,259,131,109,19,0,0,0,50.60%,42.10%,7.30%,0.00%,0.00%,0.00%
454,Cardozo Education Campus,6,37,16,8,9,4,0,4,43.20%,21.60%,24.30%,10.80%,0.00%,10.80%,37,18,11,4,4,0,4,48.60%,29.70%,10.80%,10.80%,0.00%,10.80%
454,Cardozo Education Campus,7,47,10,16,11,7,3,10,21.30%,34.00%,23.40%,14.90%,6.40%,21.30%,45,8,19,16,1,1,2,17.80%,42.20%,35.60%,2.20%,2.20%,4.40%
454,Cardozo Education Campus,8,68,38,14,7,9,0,9,55.90%,20.60%,10.30%,13.20%,0.00%,13.20%,67,38,19,6,4,0,4,56.70%,28.40%,9.00%,6.00%,0.00%,6.00%
454,Cardozo Education Campus,ALL,299,140,72,46,36,5,41,46.80%,24.10%,15.40%,12.00%,1.70%,13.70%,293,129,110,42,11,1,12,44.00%,37.50%,14.30%,3.80%,0.30%,4.10%
454,Cardozo Education Campus,HS,147,76,34,19,16,2,18,51.70%,23.10%,12.90%,10.90%,1.40%,12.20%,144,65,61,16,2,0,2,45.10%,42.40%,11.10%,1.40%,0.00%,1.40%
455,Coolidge High School,ALL,270,95,67,56,45,7,52,35.20%,24.80%,20.70%,16.70%,2.60%,19.30%,274,131,84,51,8,0,8,47.80%,30.70%,18.60%,2.90%,0.00%,2.90%
455,Coolidge High School,HS,270,95,67,56,45,7,52,35.20%,24.80%,20.70%,16.70%,2.60%,19.30%,274,131,84,51,8,0,8,47.80%,30.70%,18.60%,2.90%,0.00%,2.90%
456,Roosevelt STAY High School,ALL,25,13,6,5,1,0,1,52.00%,24.00%,20.00%,4.00%,0.00%,4.00%,30,15,11,4,0,0,0,50.00%,36.70%,13.30%,0.00%,0.00%,0.00%
456,Roosevelt STAY High School,HS,25,13,6,5,1,0,1,52.00%,24.00%,20.00%,4.00%,0.00%,4.00%,30,15,11,4,0,0,0,50.00%,36.70%,13.30%,0.00%,0.00%,0.00%
457,Eastern High School,ALL,254,95,60,61,33,5,38,37.40%,23.60%,24.00%,13.00%,2.00%,15.00%,251,123,92,29,7,0,7,49.00%,36.70%,11.60%,2.80%,0.00%,2.80%
457,Eastern High School,HS,254,95,60,61,33,5,38,37.40%,23.60%,24.00%,13.00%,2.00%,15.00%,251,123,92,29,7,0,7,49.00%,36.70%,11.60%,2.80%,0.00%,2.80%
458,McKinley Technology High School,ALL,361,9,31,91,181,49,230,2.50%,8.60%,25.20%,50.10%,13.60%,63.70%,311,31,111,125,43,1,44,10.00%,35.70%,40.20%,13.80%,0.30%,14.10%
458,McKinley Technology High School,HS,361,9,31,91,181,49,230,2.50%,8.60%,25.20%,50.10%,13.60%,63.70%,311,31,111,125,43,1,44,10.00%,35.70%,40.20%,13.80%,0.30%,14.10%
459,Roosevelt High School,ALL,311,127,84,54,41,5,46,40.80%,27.00%,17.40%,13.20%,1.60%,14.80%,305,163,99,35,8,0,8,53.40%,32.50%,11.50%,2.60%,0.00%,2.60%
459,Roosevelt High School,HS,311,127,84,54,41,5,46,40.80%,27.00%,17.40%,13.20%,1.60%,14.80%,305,163,99,35,8,0,8,53.40%,32.50%,11.50%,2.60%,0.00%,2.60%
462,Ballou STAY High School,ALL,19,14,4,1,0,0,0,73.70%,21.10%,5.30%,0.00%,0.00%,0.00%,0,,,,,,,,,,,,
462,Ballou STAY High School,HS,19,14,4,1,0,0,0,73.70%,21.10%,5.30%,0.00%,0.00%,0.00%,0,,,,,,,,,,,,
463,Woodrow Wilson High School,ALL,983,157,111,180,344,191,535,16.00%,11.30%,18.30%,35.00%,19.40%,54.40%,664,132,203,207,119,3,122,19.90%,30.60%,31.20%,17.90%,0.50%,18.40%
463,Woodrow Wilson High School,HS,983,157,111,180,344,191,535,16.00%,11.30%,18.30%,35.00%,19.40%,54.40%,664,132,203,207,119,3,122,19.90%,30.60%,31.20%,17.90%,0.50%,18.40%
464,H.D. Woodson High School,ALL,208,70,56,43,39,0,39,33.70%,26.90%,20.70%,18.80%,0.00%,18.80%,208,84,98,24,2,0,2,40.40%,47.10%,11.50%,1.00%,0.00%,1.00%
464,H.D. Woodson High School,HS,208,70,56,43,39,0,39,33.70%,26.90%,20.70%,18.80%,0.00%,18.80%,208,84,98,24,2,0,2,40.40%,47.10%,11.50%,1.00%,0.00%,1.00%
466,School Without Walls High School,ALL,283,0,3,13,92,175,267,0.00%,1.10%,4.60%,32.50%,61.80%,94.30%,151,1,9,58,82,1,83,0.70%,6.00%,38.40%,54.30%,0.70%,55.00%
466,School Without Walls High School,HS,283,0,3,13,92,175,267,0.00%,1.10%,4.60%,32.50%,61.80%,94.30%,151,1,9,58,82,1,83,0.70%,6.00%,38.40%,54.30%,0.70%,55.00%
467,Dunbar High School,ALL,343,109,73,97,56,8,64,31.80%,21.30%,28.30%,16.30%,2.30%,18.70%,350,162,150,36,2,0,2,46.30%,42.90%,10.30%,0.60%,0.00%,0.60%
467,Dunbar High School,HS,343,109,73,97,56,8,64,31.80%,21.30%,28.30%,16.30%,2.30%,18.70%,350,162,150,36,2,0,2,46.30%,42.90%,10.30%,0.60%,0.00%,0.60%
471,Duke Ellington School of the Arts,ALL,271,25,21,61,124,40,164,9.20%,7.70%,22.50%,45.80%,14.80%,60.50%,218,38,94,69,17,0,17,17.40%,43.10%,31.70%,7.80%,0.00%,7.80%
471,Duke Ellington School of the Arts,HS,271,25,21,61,124,40,164,9.20%,7.70%,22.50%,45.80%,14.80%,60.50%,218,38,94,69,17,0,17,17.40%,43.10%,31.70%,7.80%,0.00%,7.80%
478,"Phelps Architecture, Construction and Engineering High School",ALL,185,41,48,46,44,6,50,22.20%,25.90%,24.90%,23.80%,3.20%,27.00%,152,43,61,38,10,0,10,28.30%,40.10%,25.00%,6.60%,0.00%,6.60%
478,"Phelps Architecture, Construction and Engineering High School",HS,185,41,48,46,44,6,50,22.20%,25.90%,24.90%,23.80%,3.20%,27.00%,152,43,61,38,10,0,10,28.30%,40.10%,25.00%,6.60%,0.00%,6.60%
884,Luke C. Moore High School,ALL,12,10,2,0,0,0,0,83.30%,16.70%,0.00%,0.00%,0.00%,0.00%,12,6,6,0,0,0,0,50.00%,50.00%,0.00%,0.00%,0.00%,0.00%
884,Luke C. Moore High School,HS,12,10,2,0,0,0,0,83.30%,16.70%,0.00%,0.00%,0.00%,0.00%,12,6,6,0,0,0,0,50.00%,50.00%,0.00%,0.00%,0.00%,0.00%
943,School-Within-School @ Goding,3,43,4,11,9,19,0,19,9.30%,25.60%,20.90%,44.20%,0.00%,44.20%,43,3,6,7,19,8,27,7.00%,14.00%,16.30%,44.20%,18.60%,62.80%
943,School-Within-School @ Goding,4,42,2,1,12,21,6,27,4.80%,2.40%,28.60%,50.00%,14.30%,64.30%,42,2,2,13,18,7,25,4.80%,4.80%,31.00%,42.90%,16.70%,59.50%
943,School-Within-School @ Goding,5,18,0,0,6,11,1,12,0.00%,0.00%,33.30%,61.10%,5.60%,66.70%,18,0,4,6,8,0,8,0.00%,22.20%,33.30%,44.40%,0.00%,44.40%
943,School-Within-School @ Goding,ALL,103,6,12,27,51,7,58,5.80%,11.70%,26.20%,49.50%,6.80%,56.30%,103,5,12,26,45,15,60,4.90%,11.70%,25.20%,43.70%,14.60%,58.30%
1058,Bard High School Early College DC (Bard DC),ALL,202,34,43,69,52,4,56,16.80%,21.30%,34.20%,25.70%,2.00%,27.70%,202,54,98,41,9,0,9,26.70%,48.50%,20.30%,4.50%,0.00%,4.50%
1058,Bard High School Early College DC (Bard DC),HS,202,34,43,69,52,4,56,16.80%,21.30%,34.20%,25.70%,2.00%,27.70%,202,54,98,41,9,0,9,26.70%,48.50%,20.30%,4.50%,0.00%,4.50%
1071,Ida B. Wells Middle School,6,147,24,41,44,36,2,38,16.30%,27.90%,29.90%,24.50%,1.40%,25.90%,149,42,58,35,13,1,14,28.20%,38.90%,23.50%,8.70%,0.70%,9.40%
1071,Ida B. Wells Middle School,7,156,28,36,39,41,12,53,17.90%,23.10%,25.00%,26.30%,7.70%,34.00%,156,23,66,50,12,5,17,14.70%,42.30%,32.10%,7.70%,3.20%,10.90%
1071,Ida B. Wells Middle School,8,166,57,27,36,41,5,46,34.30%,16.30%,21.70%,24.70%,3.00%,27.70%,166,70,56,26,14,0,14,42.20%,33.70%,15.70%,8.40%,0.00%,8.40%
1071,Ida B. Wells Middle School,ALL,469,109,104,119,118,19,137,23.20%,22.20%,25.40%,25.20%,4.10%,29.20%,471,135,180,111,39,6,45,28.70%,38.20%,23.60%,8.30%,1.30%,9.60%
DCPS,DC Public Schools,3,3520,1219,599,596,950,156,1106,34.60%,17.00%,16.90%,27.00%,4.40%,31.40%,3526,917,729,685,809,386,1195,26.00%,20.70%,19.40%,22.90%,10.90%,33.90%
DCPS,DC Public Schools,4,3607,944,650,663,919,431,1350,26.20%,18.00%,18.40%,25.50%,11.90%,37.40%,3619,892,979,713,875,160,1035,24.60%,27.10%,19.70%,24.20%,4.40%,28.60%
DCPS,DC Public Schools,5,3307,757,654,698,945,253,1198,22.90%,19.80%,21.10%,28.60%,7.70%,36.20%,3313,950,867,658,663,175,838,28.70%,26.20%,19.90%,20.00%,5.30%,25.30%
DCPS,DC Public Schools,6,2550,579,584,572,658,157,815,22.70%,22.90%,22.40%,25.80%,6.20%,32.00%,2540,920,643,467,415,95,510,36.20%,25.30%,18.40%,16.30%,3.70%,20.10%
DCPS,DC Public Schools,7,2532,554,487,538,519,434,953,21.90%,19.20%,21.20%,20.50%,17.10%,37.60%,2520,515,821,609,450,125,575,20.40%,32.60%,24.20%,17.90%,5.00%,22.80%
DCPS,DC Public Schools,8,2677,757,476,562,624,258,882,28.30%,17.80%,21.00%,23.30%,9.60%,32.90%,2669,1117,738,403,350,61,411,41.90%,27.70%,15.10%,13.10%,2.30%,15.40%
DCPS,DC Public Schools,ALL,23438,6157,4338,4645,5996,2302,8298,26.30%,18.50%,19.80%,25.60%,9.80%,35.40%,22663,6778,6346,4486,4037,1016,5053,29.90%,28.00%,19.80%,17.80%,4.50%,22.30%
DCPS,DC Public Schools,HS,5245,1347,888,1016,1381,613,1994,25.70%,16.90%,19.40%,26.30%,11.70%,38.00%,4476,1467,1569,951,475,14,489,32.80%,35.10%,21.20%,10.60%,0.30%,10.90%